artifact_id,lane,role,private_logical_path,source_hint,promotion_decision,required_gate,expected_year_min,expected_year_max,expected_date_min,expected_date_max,expected_row_count,expected_file_count,notes
annual_panel_canonical,annual_nlp_patent,required_reproduction,data/processed/panel/canonical/ever_speaker_panel_2016_2025_hybrid_api_a_conf49_v1.parquet,initial staged canonical parquet,promote,yes,2016,2025,,,50840,1,Canonical 99-column v4.3 annual table-running panel; do not overwrite with grant/pregrant CSV lineage files.
classifier_outputs_hybrid_api_final,annual_nlp_patent,required_extension,data/processed/classifications/classifications_shadow_hybrid_api_a_conf49_v1,semantic-patterns:data/processed/classifications_shadow_hybrid_api_a_conf49_v1,promote,yes,2016,2025,,,147879,10,Final April/v4.3 classifier output; includes API-assisted high-confidence shadow layer and 2025.
classifier_outputs_local_layered_support,annual_nlp_patent,support_only,data/processed/classifications/classifications_shadow_local_layered_v1,semantic-patterns:data/processed/classifications_shadow_local_layered_v1,promote_support,no,2016,2025,,,,,Local layered classifier output retained as provenance/support only; not canonical because final v4.3 uses the hybrid API confidence layer.
sentences_clean_2016_2024,annual_nlp_patent,required_extension,data/processed/sec/sentences_clean,semantic-patterns:data/processed/sentences_clean,promote,yes,2016,2024,,,106977,9,Clean extracted AI sentences for 2016-2024; paired with 2025 refresh below.
sentences_clean_2025_refresh,annual_nlp_patent,required_extension,data/processed/sec/sentences_clean_refresh_2025_v1,semantic-patterns:data/processed/sentences_clean_refresh_2025_v1,promote,yes,2025,2025,,,40902,1,Verified final 2025 extracted sentence support; row count matches 2025 final classifier output.
filing_ai_measures,filing_spine_ai_measures,required_reproduction,data/interim/market/filing_ai_measures_hybrid_api_a_conf49_v1.csv,semantic-patterns:data/interim/market/filing_ai_measures_hybrid_api_a_conf49_v1.csv,promote,yes,2016,2025,20160105,20251231,13584,1,Filing-level disclosure measure spine covers 2016-2025; not the completed return-event panel.
filing_event_spine,filing_spine_ai_measures,required_extension,data/interim/market/filing_event_spine_hybrid_api_a_conf49_v1.csv,semantic-patterns:data/interim/market/filing_event_spine_hybrid_api_a_conf49_v1.csv,promote,yes,2016,2025,20160105,20251231,13584,1,Full disclosure filing spine before CRSP return availability filters.
filing_wrds_bridge,filing_spine_ai_measures,required_extension,data/interim/market/filing_wrds_bridge_hybrid_api_a_conf49_v1.csv,semantic-patterns:data/interim/market/filing_wrds_bridge_hybrid_api_a_conf49_v1.csv,promote,yes,,,20160105,20251231,13584,1,WRDS bridge built for the 2016-2025 filing spine; downstream return-event panel is filtered by return availability.
event_panel_estimation,event_market_return,required_reproduction,data/processed/panel/filing_event_estimation_sample_hybrid_api_a_conf49_v1.parquet,semantic-patterns:data/processed/panel/filing_event_estimation_sample_hybrid_api_a_conf49_v1.parquet,promote,yes,2016,2024,20160128,20241231,7355,1,"Canonical v4.3 event-market lane. It intentionally stops in 2024 because CRSP daily returns stop at 2024-12-31; matches v4.3 7,355 filing-event observations."
daily_event_returns,event_market_return,required_reproduction,data/interim/market/filing_event_returns_daily_hybrid_api_a_conf49_v1.parquet,semantic-patterns:data/interim/market/filing_event_returns_daily_hybrid_api_a_conf49_v1.parquet,promote,yes,,,20160128,20241231,1675992,1,Daily return-event cache for the v4.3 event-market lane; filing dates and trade dates stop in 2024.
crsp_monthly,market_features,required_reproduction,data/interim/market/wrds_crsp_msf_full_sample_v1.parquet,semantic-patterns:data/interim/market/wrds_crsp_msf_full_sample_v1.parquet,promote,yes,,,2015-01-30 00:00:00,2024-12-31 00:00:00,316921,1,CRSP monthly extract used by factor/market tests; current v4.3 extract ends 2024-12-31.
crsp_market_index,market_features,required_reproduction,data/interim/market/wrds_crsp_msi_full_sample_v1.parquet,semantic-patterns:data/interim/market/wrds_crsp_msi_full_sample_v1.parquet,promote,yes,,,2015-01-30 00:00:00,2024-12-31 00:00:00,120,1,CRSP market index extract used by factor-adjusted alpha reproduction; ends 2024-12-31.
annual_market_features,market_features,required_reproduction,data/interim/market/annual_market_features_ever_speaker_2016_2025_hybrid_api_a_conf49_v1.csv,semantic-patterns:data/interim/market/annual_market_features_ever_speaker_2016_2025_hybrid_api_a_conf49_v1.csv,promote,yes,2015,2024,,,27426,1,"CRSP-derived annual market features. Name includes 2016-2025 panel target, but observed CRSP feature years are 2015-2024."
execucomp_ceo_extract,execucomp_incentives,required_reproduction,data/external/execucomp/execucomp_ceo_anncomp_2015_2024.parquet,staged WRDS ExecuComp CEO extract,promote,yes,2015,2024,,,19878,1,Private CEO-row extract used by T25; no WRDS credentials needed for normal reruns.
comment_letter_event_panel,regulatory_response,required_reproduction,data/curated/v4_3/comment_letter_event_panel.parquet,initial staged Test 19 output,promote,yes,2016,2025,,,2797,1,Small curated panel required by Test 20 comment-letter cleanup.
annual_panel_grant_pregrant_lineage,annual_nlp_patent,support_only,data/processed/panel/lineage/panel_ai_patents_controls_ever_speaker_2016_2025_refresh_hybrid_grant_pregrant_v1.csv,semantic-patterns:data/processed/panel/panel_ai_patents_controls_ever_speaker_2016_2025_refresh_hybrid_grant_pregrant_v1.csv,promote_support,no,2016,2025,,,50840,1,Lineage/source panel with grant and pregrant patent variables; not the canonical 99-column table-running panel.
annual_panel_grant_only_lineage,annual_nlp_patent,support_only,data/processed/panel/lineage/panel_ai_patents_controls_ever_speaker_2016_2025_refresh_hybrid_grant_v1.csv,semantic-patterns:data/processed/panel/panel_ai_patents_controls_ever_speaker_2016_2025_refresh_hybrid_grant_v1.csv,promote_support,no,2016,2025,,,50840,1,Lineage/source panel with grant-only patent variables; not the canonical 99-column table-running panel.
raw_sec_full_submission_samples,sec_source_samples,support_only,data/raw/sec_samples/full_submission,semantic-patterns:data/raw/sec_filings/sec-edgar-filings selected filings,promote_sample,no,,,,,,5,Representative raw SEC full-submission samples only; full raw SEC corpus is not staged.
stage_one_2025_samples,sec_source_samples,support_only,data/raw/sec_samples/stage_one_2025,DataWork:10-X_C/2025 selected Notre Dame Stage-One files,promote_sample,no,,,,,,4,"Representative Notre Dame Stage-One 2025 samples, one per quarter where practical."
sec_stage_one_source_links,sec_source_samples,support_only,data/docs/source_links/sec_stage_one_sources.md,Notre Dame SRAF source documentation and Google Drive source folder,promote_reference,no,,,,,,1,Documents public source links for rebuilding the large SEC corpus outside the handoff.
prelim_2025_classifier_refresh,excluded_candidate,excluded,,semantic-patterns:data/processed/classifications_refresh_2025_v1,exclude,no,,,,,,,Preliminary 2025 classifier output; excluded because final v4.3 classifier is classifications_shadow_hybrid_api_a_conf49_v1.
event_panel_2016_2025_candidate,excluded_candidate,excluded,,searched semantic-patterns/DataWork/private root for completed 2025 event-return panel,exclude,no,,,,,,,No completed 2016-2025 event-return panel was found. v4.3 event tables reproduce from the 2016-2024 event-market lane because CRSP return extracts stop 2024-12-31.
