artifact_id,category,logical_path,role,shareability,status,source_hint,expected_format,validation_level,notes
annual_panel,derived_panel,data/processed/panel/canonical/ever_speaker_panel_2016_2025_hybrid_api_a_conf49_v1.parquet,required_reproduction,private_coauthor,present,Current v4.3 private root,parquet,schema_row_count_checksum,Cleaned firm-year panel used by most v4.3 tables.
filing_event_panel,derived_panel,data/processed/panel/filing_event_estimation_sample_hybrid_api_a_conf49_v1.parquet,required_reproduction,private_coauthor,present,Current v4.3 private root,parquet,schema_row_count_checksum,Filing-event estimation sample for event and market-reaction tests.
comment_letter_event_panel,derived_panel,data/curated/v4_3/comment_letter_event_panel.parquet,required_reproduction,private_coauthor,present,Current v4.3 private root,parquet,schema_row_count_checksum,Comment-letter event panel generated for SEC cleanup tests.
crsp_monthly,wrds_market,data/interim/market/wrds_crsp_msf_full_sample_v1.parquet,required_reproduction,licensed_private,present,Current v4.3 private root,parquet,schema_row_count_checksum,WRDS CRSP monthly stock file extract used by market tests.
crsp_market_index,wrds_market,data/interim/market/wrds_crsp_msi_full_sample_v1.parquet,required_reproduction,licensed_private,present,Current v4.3 private root,parquet,schema_row_count_checksum,WRDS CRSP market index extract used by factor-adjusted return tests.
daily_event_returns,wrds_market,data/interim/market/filing_event_returns_daily_hybrid_api_a_conf49_v1.parquet,required_reproduction,licensed_private,present,Current v4.3 private root,parquet,schema_row_count_checksum,Daily returns around filing events.
annual_market_features,wrds_market,data/interim/market/annual_market_features_ever_speaker_2016_2025_hybrid_api_a_conf49_v1.csv,required_reproduction,licensed_private,present,Current v4.3 private root,csv,schema_row_count_checksum,Annual market features merged to the firm-year panel.
filing_ai_measures,nlp_intermediate,data/interim/market/filing_ai_measures_hybrid_api_a_conf49_v1.csv,required_reproduction,private_coauthor,present,Current v4.3 private root,csv,schema_row_count_checksum,Filing-level AI disclosure measures used by classifier-risk checks.
factor_inputs,market_factors,data/curated/v4_3/factor_inputs,support_only,private_coauthor,present,Current v4.3 private root,directory,file_count,Ken French factor cache for factor-adjusted alpha reproduction.
execucomp_ceo_extract,wrds_execucomp,data/external/execucomp/execucomp_ceo_anncomp_2015_2024.parquet,required_reproduction,licensed_private,present,Staged from v4.3 Test 25 run evidence,parquet,schema_row_count_checksum,Private staged CEO-row extract for Test 25; normal reruns do not need WRDS credentials.
labels_master_v1,nlp_labels,data/labels/v1/labels_master.parquet,support_only,private_coauthor,present,Current v4.3 private root,parquet,schema_row_count_checksum,Legacy label base for measurement audit and classifier documentation.
training_pool_v2,nlp_labels,data/labels/v2/labels_master_boundary_revised_v1_excluding_heldout_v4.parquet,support_only,private_coauthor,present,Current v4.3 private root,parquet,schema_row_count_checksum,Training/calibration pool after boundary revision.
heldout_v4,nlp_validation,data/validation/held_out_v4/held_out_sentences_v4.csv,support_only,private_coauthor,present,Current v4.3 private root,csv,schema_row_count_checksum,Held-out validation sample for classifier quality checks.
irr_report,nlp_validation,data/reports/labels/irr_boundary_revised_v3_rerun_report.json,support_only,private_coauthor,present,Current v4.3 private root,json,exists_checksum,Inter-rater/relabeling report.
hybrid_eval_report,nlp_validation,data/reports/evaluation/selective_defer_heldout_v4_hybrid_api_upgrade_v2.json,support_only,private_coauthor,present,Current v4.3 private root,json,exists_checksum,Hybrid classifier evaluation report.
t25_exec_incentive_sample,generated_evidence,data/curated/v4_3/generated_runs/test_25_exec_incentive_mismatch/20260423_aiw_v3_2_test_25_exec_incentive_mismatch_main_v1/exec_incentive_sample.parquet,support_only,private_coauthor,present,Current v4.3 private root,parquet,schema_row_count_checksum,Frozen Test 25 merged sample evidence.
sec_raw_filings,raw_source,data/raw/sec/filings,raw_source,public_source_large_private_mirror,deferred_with_reason,Older semantic-patterns data/raw or SEC re-download,text_or_archive,file_count,Full raw or near-raw SEC filings are not required for v4.3 table reruns but should be staged for a complete rebuild lane.
extracted_ai_sentences,nlp_intermediate,data/processed/sec,required_extension,private_coauthor,deferred_with_reason,Older semantic-patterns data/processed/sec,txt_or_csv,file_count,Extracted AI sentence files exist in the older repository and should be copied for NLP rebuild/extensibility.
classifier_outputs,nlp_intermediate,data/interim/nlp/classifier_outputs,required_extension,private_coauthor,deferred_with_reason,Older semantic-patterns output folders,csv_or_parquet,file_count,Sentence-level classifier outputs requested by Kuntara; locate and stage the final v4.3 classifier output set.
patent_raw,patent_source,data/raw/patents,raw_source,public_source_large_private_mirror,deferred_with_reason,Older semantic-patterns ai_washing/raw/patents,csv_or_archive,file_count,Patent source inputs needed for bottom-up patent-match rebuilds.
patent_match_artifacts,patent_intermediate,data/interim/patents,required_extension,private_coauthor,deferred_with_reason,Older semantic-patterns derived/interim paths,csv_or_parquet,file_count,Patent match/crosswalk artifacts requested by Kuntara; final columns are already embedded in the annual panel but standalone lineage should be staged.
compustat_extracts,wrds_accounting,data/interim/accounting,required_extension,licensed_private,deferred_with_reason,Older semantic-patterns or WRDS refresh,csv_or_parquet,schema_row_count_checksum,Compustat extracts/merge intermediates requested for extension work and auditability.
crsp_compustat_linking,wrds_bridge,data/interim/linking,required_extension,licensed_private,deferred_with_reason,Older semantic-patterns or WRDS refresh,csv_or_parquet,schema_row_count_checksum,CRSP-Compustat link artifacts used to build market/accounting merge.
seo_or_equity_issuance,extension_source,data/external/equity_issuance,required_extension,licensed_private_or_manual,deferred_with_reason,Future Kuntara extension source,csv_or_parquet,schema_row_count_checksum,Needed for the washing-pays extension: issuance amounts discounts terms and valuation/offer outcomes.
job_postings,extension_source,data/external/job_postings,required_extension,private_or_public_source,deferred_with_reason,Future extension source,csv_or_parquet,schema_row_count_checksum,Optional future human-capital or hiring validation data.
