command_id,title,category,argv,description,requires_private_data,writes_ignored_outputs,requires_confirmation,enabled_in_coauthor_mode,enabled_in_demo_mode,timeout_seconds,log_tail_lines,expected_outputs,docs
coauthor_preflight,Coauthor preflight,Health,make|coauthor-preflight,Run the standard non-private workstation preflight.,false,true,true,true,false,300,80,Ignored fixture outputs and terminal validation logs,docs/coauthor_runbook.md
dashboard_check,Dashboard check,Health,make|dashboard-check,Verify the generated static dashboard coverage and leakage checks.,false,false,false,true,false,120,80,Pass/fail dashboard validation,docs/dashboard_guide.md
package_surface_audit,Package surface audit,Health,make|package-surface-audit,Run the routine package surface check without refreshing tracked audit files.,false,false,false,true,false,180,80,Pass/fail package surface verdict,docs/journal_replication_archive_policy.md
git_hygiene,Git hygiene check,Health,make|git-hygiene,Confirm ignored/generated/private artifacts are not tracked.,false,false,false,true,false,120,80,Pass/fail Git hygiene verdict,docs/coauthor_runbook.md
rebuild_static_dashboard,Rebuild static dashboard,Workbench,make|dashboard,Regenerate the ignored static HTML dashboard from manifests.,false,true,true,true,false,120,80,outputs/dashboard/index.html,docs/dashboard_guide.md
export_t30_bundle,Export Main Table 7 bundle,Workbench,make|export-table-workbench|TABLE_ID=T30,Create the ignored Main Table 7 review bundle.,false,true,true,true,false,120,80,outputs/workbench/T30/,docs/paper_table_workbench.md
check_private_data,Check private data room,Data,make|check-private-data,Validate the mounted private data room contract.,true,false,true,true,false,180,100,Private-data contract status only,docs/private_data_contract.md
extension_builder_hides,Run Builder Hides extension,Extensions,make|extension-builder-hides,Run the exploratory Builder Hides extension and export its bundle.,true,true,true,true,false,600,120,outputs/extensions/builder_hides_right_tail/,docs/extensions/builder_hides_first_pass.md
extension_builder_hides_ai_talk_only,Run Builder Hides AI-talk-only extension,Extensions,make|extension-builder-hides-ai-talk-only,Run the AI-talk-only Builder Hides extension variant.,true,true,true,true,false,600,120,outputs/extensions/builder_hides_right_tail_ai_talk_only/,docs/extensions/builder_hides_first_pass.md
extension_washing_pays_proxy,Run Washing Pays proxy extension,Extensions,make|extension-washing-pays-proxy,Export the exploratory share-growth proxy bundle linked to Main Table 7.,true,true,true,true,false,300,120,outputs/extensions/washing_pays_proxy/,docs/extensions/washing_pays_proxy_first_pass.md
