test_id,dependency_id,expected_capsule_path,status,classification,note
legacy_a1_mismatch_determinants_full,annual_panel,data/processed/panel/canonical/ever_speaker_panel_2016_2025_hybrid_api_a_conf49_v1.parquet,present_private_root,required_current,"Canonical 99-column v4.3 annual NLP/patent panel; 50,840 firm-years, 2016-2025."
legacy_a2_mismatch_intensity,annual_panel,data/processed/panel/canonical/ever_speaker_panel_2016_2025_hybrid_api_a_conf49_v1.parquet,present_private_root,required_current,"Canonical 99-column v4.3 annual NLP/patent panel; 50,840 firm-years, 2016-2025."
legacy_b1_measurement_audit,label_base,data/labels/v1/labels_master.parquet,present_private_root,support_only,Legacy label base for measurement audit.
legacy_b1_measurement_audit,training_pool,data/labels/v2/labels_master_boundary_revised_v1_excluding_heldout_v4.parquet,present_private_root,support_only,Training/calibration pool for measurement audit.
legacy_b1_measurement_audit,heldout_v4,data/validation/held_out_v4/held_out_sentences_v4.csv,present_private_root,support_only,Held-out validation sample for measurement audit.
legacy_b1_measurement_audit,irr_report,data/reports/labels/irr_boundary_revised_v3_rerun_report.json,present_private_root,support_only,Inter-rater/relabeling report for measurement audit.
legacy_b1_measurement_audit,hybrid_eval,data/reports/evaluation/selective_defer_heldout_v4_hybrid_api_upgrade_v2.json,present_private_root,support_only,Hybrid classifier evaluation report.
legacy_b2_attrition_map,annual_panel,data/processed/panel/canonical/ever_speaker_panel_2016_2025_hybrid_api_a_conf49_v1.parquet,present_private_root,required_current,"Canonical 99-column v4.3 annual NLP/patent panel; 50,840 firm-years, 2016-2025."
legacy_b2_attrition_map,event_panel,data/processed/panel/filing_event_estimation_sample_hybrid_api_a_conf49_v1.parquet,present_private_root,required_current,"Canonical v4.3 event-market estimation sample; 7,355 filing events, 2016-2024 because staged CRSP returns stop 2024-12-31."
legacy_b2_attrition_map,daily_returns,data/interim/market/filing_event_returns_daily_hybrid_api_a_conf49_v1.parquet,present_private_root,required_current,Daily return-event cache for the 2016-2024 v4.3 event-market lane.
legacy_classifier_risk_highconf,annual_panel,data/processed/panel/canonical/ever_speaker_panel_2016_2025_hybrid_api_a_conf49_v1.parquet,present_private_root,required_current,"Canonical 99-column v4.3 annual NLP/patent panel; 50,840 firm-years, 2016-2025."
legacy_classifier_risk_highconf,filing_measures,data/interim/market/filing_ai_measures_hybrid_api_a_conf49_v1.csv,present_private_root,required_current,"Filing-level AI disclosure measures for the 2016-2025 filing spine; disclosure lineage, not completed return-event panel."
legacy_r1_disclosure_volume,annual_panel,data/processed/panel/canonical/ever_speaker_panel_2016_2025_hybrid_api_a_conf49_v1.parquet,present_private_root,required_current,"Canonical 99-column v4.3 annual NLP/patent panel; 50,840 firm-years, 2016-2025."
legacy_r1_summary_stats,annual_panel,data/processed/panel/canonical/ever_speaker_panel_2016_2025_hybrid_api_a_conf49_v1.parquet,present_private_root,required_current,"Canonical 99-column v4.3 annual NLP/patent panel; 50,840 firm-years, 2016-2025."
legacy_r1_summary_stats,event_panel,data/processed/panel/filing_event_estimation_sample_hybrid_api_a_conf49_v1.parquet,present_private_root,required_current,"Canonical v4.3 event-market estimation sample; 7,355 filing events, 2016-2024 because staged CRSP returns stop 2024-12-31."
legacy_r1_summary_stats,market_features,data/interim/market/annual_market_features_ever_speaker_2016_2025_hybrid_api_a_conf49_v1.csv,present_private_root,required_current,CRSP-derived annual market features; observed feature years 2015-2024.
legacy_r2_ai_focus_timing,annual_panel,data/processed/panel/canonical/ever_speaker_panel_2016_2025_hybrid_api_a_conf49_v1.parquet,present_private_root,required_current,"Canonical 99-column v4.3 annual NLP/patent panel; 50,840 firm-years, 2016-2025."
legacy_r4_actionable_patent_timing,annual_panel,data/processed/panel/canonical/ever_speaker_panel_2016_2025_hybrid_api_a_conf49_v1.parquet,present_private_root,required_current,"Canonical 99-column v4.3 annual NLP/patent panel; 50,840 firm-years, 2016-2025."
legacy_r5_speculative_patent_timing,annual_panel,data/processed/panel/canonical/ever_speaker_panel_2016_2025_hybrid_api_a_conf49_v1.parquet,present_private_root,required_current,"Canonical 99-column v4.3 annual NLP/patent panel; 50,840 firm-years, 2016-2025."
legacy_r7_as_mismatch_tplus2,annual_panel,data/processed/panel/canonical/ever_speaker_panel_2016_2025_hybrid_api_a_conf49_v1.parquet,present_private_root,required_current,"Canonical 99-column v4.3 annual NLP/patent panel; 50,840 firm-years, 2016-2025."
legacy_r8_mismatch_determinants_reduced,annual_panel,data/processed/panel/canonical/ever_speaker_panel_2016_2025_hybrid_api_a_conf49_v1.parquet,present_private_root,required_current,"Canonical 99-column v4.3 annual NLP/patent panel; 50,840 firm-years, 2016-2025."
test_05_size_heterogeneity,event_panel,data/processed/panel/filing_event_estimation_sample_hybrid_api_a_conf49_v1.parquet,present_private_root,required_current,"Canonical v4.3 event-market estimation sample; 7,355 filing events, 2016-2024 because staged CRSP returns stop 2024-12-31."
test_05_size_heterogeneity,annual_panel,data/processed/panel/canonical/ever_speaker_panel_2016_2025_hybrid_api_a_conf49_v1.parquet,present_private_root,required_current,"Canonical 99-column v4.3 annual NLP/patent panel; 50,840 firm-years, 2016-2025."
test_05_size_heterogeneity,monthly_returns,data/interim/market/wrds_crsp_msf_full_sample_v1.parquet,present_private_root,required_current,WRDS/CRSP monthly stock file extract; date range 2015-01-30 to 2024-12-31.
test_09_factor_adjusted_alpha,event_panel,data/processed/panel/filing_event_estimation_sample_hybrid_api_a_conf49_v1.parquet,present_private_root,required_current,"Canonical v4.3 event-market estimation sample; 7,355 filing events, 2016-2024 because staged CRSP returns stop 2024-12-31."
test_09_factor_adjusted_alpha,annual_panel,data/processed/panel/canonical/ever_speaker_panel_2016_2025_hybrid_api_a_conf49_v1.parquet,present_private_root,required_current,"Canonical 99-column v4.3 annual NLP/patent panel; 50,840 firm-years, 2016-2025."
test_09_factor_adjusted_alpha,monthly_returns,data/interim/market/wrds_crsp_msf_full_sample_v1.parquet,present_private_root,required_current,WRDS/CRSP monthly stock file extract; date range 2015-01-30 to 2024-12-31.
test_09_factor_adjusted_alpha,market_index,data/interim/market/wrds_crsp_msi_full_sample_v1.parquet,present_private_root,required_current,WRDS/CRSP market index extract; date range 2015-01-30 to 2024-12-31.
test_09_factor_adjusted_alpha,factor_root,data/curated/v4_3/factor_inputs,present,required_current,Ken French factor cache; can be recreated if internet access and source availability allow.
test_12_predictive_return_controls,event_panel,data/processed/panel/filing_event_estimation_sample_hybrid_api_a_conf49_v1.parquet,present_private_root,required_current,"Canonical v4.3 event-market estimation sample; 7,355 filing events, 2016-2024 because staged CRSP returns stop 2024-12-31."
test_12_predictive_return_controls,annual_panel,data/processed/panel/canonical/ever_speaker_panel_2016_2025_hybrid_api_a_conf49_v1.parquet,present_private_root,required_current,"Canonical 99-column v4.3 annual NLP/patent panel; 50,840 firm-years, 2016-2025."
test_13_pre_post_event_path,annual_panel,data/processed/panel/canonical/ever_speaker_panel_2016_2025_hybrid_api_a_conf49_v1.parquet,present_private_root,required_current,"Canonical 99-column v4.3 annual NLP/patent panel; 50,840 firm-years, 2016-2025."
test_13_pre_post_event_path,event_panel,data/processed/panel/filing_event_estimation_sample_hybrid_api_a_conf49_v1.parquet,present_private_root,required_current,"Canonical v4.3 event-market estimation sample; 7,355 filing events, 2016-2024 because staged CRSP returns stop 2024-12-31."
test_13_pre_post_event_path,monthly_returns,data/interim/market/wrds_crsp_msf_full_sample_v1.parquet,present_private_root,required_current,WRDS CRSP monthly stock file extract used for event-path monthly returns and lagged market cap.
test_13_pre_post_event_path,market_index,data/interim/market/wrds_crsp_msi_full_sample_v1.parquet,present_private_root,required_current,WRDS CRSP monthly market-index extract passed as --monthly-market for the event-path figure/table script.
test_15_matched_ai_talking_sample,event_panel,data/processed/panel/filing_event_estimation_sample_hybrid_api_a_conf49_v1.parquet,present_private_root,required_current,"Canonical v4.3 event-market estimation sample; 7,355 filing events, 2016-2024 because staged CRSP returns stop 2024-12-31."
test_15_matched_ai_talking_sample,annual_panel,data/processed/panel/canonical/ever_speaker_panel_2016_2025_hybrid_api_a_conf49_v1.parquet,present_private_root,required_current,"Canonical 99-column v4.3 annual NLP/patent panel; 50,840 firm-years, 2016-2025."
test_16_construct_variant_screen,annual_panel,data/processed/panel/canonical/ever_speaker_panel_2016_2025_hybrid_api_a_conf49_v1.parquet,present_private_root,required_current,"Canonical 99-column v4.3 annual NLP/patent panel; 50,840 firm-years, 2016-2025."
test_17_real_outcome_dynamics,annual_panel,data/processed/panel/canonical/ever_speaker_panel_2016_2025_hybrid_api_a_conf49_v1.parquet,present_private_root,required_current,"Canonical 99-column v4.3 annual NLP/patent panel; 50,840 firm-years, 2016-2025."
test_20_comment_letter_cleanup,annual_panel,data/processed/panel/canonical/ever_speaker_panel_2016_2025_hybrid_api_a_conf49_v1.parquet,present_private_root,required_current,"Canonical 99-column v4.3 annual NLP/patent panel; 50,840 firm-years, 2016-2025."
test_20_comment_letter_cleanup,event_panel,data/curated/v4_3/comment_letter_event_panel.parquet,present,required_current,"Canonical v4.3 event-market estimation sample; 7,355 filing events, 2016-2024 because staged CRSP returns stop 2024-12-31."
test_25_exec_incentive_mismatch,annual_panel,data/processed/panel/canonical/ever_speaker_panel_2016_2025_hybrid_api_a_conf49_v1.parquet,present_private_root,required_current,"Canonical 99-column v4.3 annual NLP/patent panel; 50,840 firm-years, 2016-2025."
test_25_exec_incentive_mismatch,execucomp,data/external/execucomp/execucomp_ceo_anncomp_2015_2024.parquet,present_private_root,required_current,"Private staged WRDS ExecuComp CEO-row extract, 2015-2024; normal reruns do not require credentials."
test_29_sec_ai_washing_enforcement_did,annual_panel,data/processed/panel/canonical/ever_speaker_panel_2016_2025_hybrid_api_a_conf49_v1.parquet,present_private_root,required_current,"Canonical 99-column v4.3 annual NLP/patent panel; 50,840 firm-years, 2016-2025."
test_30_capital_raising_timing,annual_panel,data/processed/panel/canonical/ever_speaker_panel_2016_2025_hybrid_api_a_conf49_v1.parquet,present_private_root,required_current,"Canonical 99-column v4.3 annual NLP/patent panel; 50,840 firm-years, 2016-2025."
test_32_market_reaction_in_issue_windows,annual_panel,data/processed/panel/canonical/ever_speaker_panel_2016_2025_hybrid_api_a_conf49_v1.parquet,present_private_root,required_current,"Canonical 99-column v4.3 annual NLP/patent panel; 50,840 firm-years, 2016-2025."
test_32_market_reaction_in_issue_windows,event_panel,data/processed/panel/filing_event_estimation_sample_hybrid_api_a_conf49_v1.parquet,present_private_root,required_current,"Canonical v4.3 event-market estimation sample; 7,355 filing events, 2016-2024 because staged CRSP returns stop 2024-12-31."
