product_id,purpose,logical_private_path,coverage,keys,source_lineage,producing_or_validation_scripts,tables_using_it,safe_modifications,overwrite_rule,extension_relevance
annual_nlp_patent_panel,"Canonical firm-year panel linking AI disclosure measures, patent support, Compustat controls, market features, and future outcomes.",data/processed/panel/canonical/ever_speaker_panel_2016_2025_hybrid_api_a_conf49_v1.parquet,"2016-2025 firm-years; expected 50,840 rows in v4.3.",cik; year; firm identifiers; WRDS identifiers where available.,"Built from SEC filing measures, final hybrid classifier outputs, patent grant/pregrant counts, WRDS/Compustat/CRSP bridges, and controls.",scripts/check_private_data.py; scripts/audit_artifact_coverage.py; scripts/validate_data_room.py,F1; T00; T16; T17; T20; T29; T25; T30; B1; B2; B3; B4; C1; C2; C3; C4; FC1,Use as the baseline for new v5+ variables; add columns in a copied or versioned panel before replacing canonical v4.3 evidence.,Do not overwrite the v4.3 parquet. Stage a new version and update manifests/release notes.,"Core input for builder-hides, governance, incentives, and construct-validity extensions."
filing_event_estimation_sample,Canonical filing-event sample used for event-window and market-return tests.,data/processed/panel/filing_event_estimation_sample_hybrid_api_a_conf49_v1.parquet,"2016-2024 event/market lane; expected 7,355 filing events in v4.3.",filing_id; cik; filing_date; permno; permco; event timing fields.,Filing spine merged to WRDS/CRSP links and daily/monthly return inputs.,scripts/check_private_data.py; scripts/validate_wrds_data.py; scripts/audit_artifact_coverage.py,T00; T09; C4; C5; C6; C7,Change event windows or return outcomes in a new output branch while retaining the v4.3 sample.,Do not silently add 2025 return events; a CRSP refresh becomes a v5+ data lane.,Required for market-response and financing-window extensions.
filing_spine_ai_measures,"Filing-level disclosure lineage before return-data filters, including AI measure aggregation.",data/interim/market/filing_ai_measures_hybrid_api_a_conf49_v1.csv; data/interim/market/filing_event_spine_hybrid_api_a_conf49_v1.csv,2016-2025 disclosure filing spine; event returns still stop at 2024.,filing_id; source_filename; cik; filing_date.,Aggregated from extracted and classified AI sentences into filing-level disclosure measures.,scripts/validate_sec_source_policy.py; scripts/validate_wrds_data.py,A3; A4; T00 support; event-lane audit support.,Use to inspect filing-level disclosure composition or rebuild event filters.,Treat this as lineage support; do not confuse it with the completed event-return panel.,Useful for new filing-level event studies and disclosure-timing tests.
final_hybrid_classifier_outputs,Final sentence-level hybrid classifier outputs used to build v4.3 disclosure measures.,data/processed/classifications/classifications_shadow_hybrid_api_a_conf49_v1,"2016-2025; expected 147,879 classified AI sentences.",filing/source identifiers; sentence identifiers; year; predicted labels and confidence fields.,Hybrid classifier output after local/model layers and API-assisted classification policy.,scripts/validate_sec_source_policy.py; scripts/textual_construct_audit.py,T00; A1; A3; A4; disclosure constructs used throughout.,"Review label slices, confidence thresholds, or acronym-only hits without overwriting the canonical output.",Any new classifier run must receive a new folder/version and a validation report.,Starting point for measurement robustness and reviewer-labeled disambiguation layers.
extracted_ai_sentences,Extracted AI sentence support used to audit the text extraction layer before classification.,data/processed/sec/sentences_clean; data/processed/sec/sentences_clean_refresh_2025_v1,"2016-2024 extracted sentences plus 2025 refresh; expected 106,977 plus 40,902 rows.",filing/source identifiers; sentence text; year; extraction metadata.,Extracted from Stage-One cleaned SEC 10-X text and representative SEC source samples.,scripts/validate_sec_source_policy.py; docs/sec_extraction_classification_audit.md,A1; A3; A4; support for all disclosure constructs.,Use for spot checks and reviewer samples; rerun extraction only in a new versioned output.,"Do not replace extracted sentence support without reconciling to the final 147,879 classifier rows.",Useful for short-acronym false-positive review and additional training data selection.
classifier_validation_labels,"Human labels, held-out samples, IRR reports, and classifier evaluation outputs.",data/labels/v1; data/labels/v2; data/validation/held_out_v4; data/reports/evaluation; data/reports/labels,Held-out and support samples used for v4.3 measurement audit.,sentence/sample identifiers; labels; annotator/evaluation metadata where available.,Boundary-revised label files and held-out validation artifacts.,semantic_ai_washing.analysis.publication_runs.legacy_b1_measurement_audit; scripts/textual_construct_audit.py,A1,Add new labeled examples as a new validation layer; keep old held-out files fixed for v4.3.,Never train on held-out files or overwrite the frozen evaluation evidence.,Basis for stronger journal-review measurement validation.
patent_match_artifacts,"Final PatentsView grant and pregrant counts, examples, diagnostics, and audit samples.",data/processed/patents; data/reports/patents,Patent/application evidence through the 2016-2025 annual-panel build; source years begin in 2014 for lookback support.,cik; firm name; year; patent/application identifiers; matched keywords.,PatentsView grant and pregrant data filtered by AI keyword lists and matched to company identity metadata.,scripts/validate_patent_data.py; scripts/build_patent_audit_examples.py; semantic_ai_washing.patents.*,F1; T16; T17; B1; B2; B3; B4; C1; C2; C3,Inspect examples and diagnostics first; test any new matching rule in a sensitivity output before promotion.,"Do not replace the patent counts without updating patent manifests, method notes, and the annual panel version.","Core evidence for PatentMismatch, builder-hides, and construct-validity revisions."
patent_keyword_metadata,Base and sensitivity AI keyword lists for patent/application classification.,data/metadata/patents,Keyword dictionaries used by final patent extraction and sensitivity screens.,keyword terms; sensitivity family where applicable.,Final patent keyword list plus core/applied/precise/expanded/automation/industry/watchlist variants.,semantic_ai_washing.patents.keyword_matching; semantic_ai_washing.patents.benchmark_keyword_sets_lightweight; scripts/validate_patent_data.py,Patent support for F1; T16; T17; B*; C*,Add candidate keywords to a sensitivity list first; review false positives before changing the base list.,Version keyword files and rerun patent audit examples before promoting.,Important for reducing acronym/keyword false-positive risk.
company_identity_patent_lookup,Hybrid company lookup and aliases used to match public firms to patent assignees/applicants.,data/metadata/company_identity,Ever-speaker company identity support for 2016-2025 panel firms.,cik; name; cleaned name; ticker; gvkey; aliases.,Hybrid lookup and alias artifacts from the final company-identity matching pass.,semantic_ai_washing.patents.build_company_lookup; scripts/validate_patent_data.py,All patent-backed tables through the annual panel.,Add aliases carefully and rerun diagnostics for high-salience firms before changing counts.,Do not switch to broad fuzzy matching without preserving exact-normalized baseline and review samples.,Main audit surface for patent-match completeness and false positives.
wrds_compustat_extracts,Compustat fundamentals used for controls and coauthor rebuilds of accounting variables.,data/interim/accounting/wrds_comp_funda_full_sample_v1.parquet,Fiscal years 2014-2025 support; v4.3 panel uses aligned 2016-2025 firm-years.,gvkey; datadate; fyear.,WRDS Compustat fundamentals pull staged in the private data root.,scripts/validate_wrds_data.py; docs/wrds_crsp_compustat_method_note.md,T00; T16; T17; T20; T25; T29; T30; C1; C2; C3; C4; C6; C7,Use for rebuilding controls or adding accounting variables in a versioned panel.,Do not refresh WRDS inputs without a local credential-based refresh note and validation report.,"Needed for additional firm fundamentals, governance, and channel tests."
crsp_market_returns,"CRSP monthly/index/daily return inputs used in market features, factor alpha, and event-window tests.",data/interim/market/wrds_crsp_msf_full_sample_v1.parquet; data/interim/market/wrds_crsp_msi_full_sample_v1.parquet; data/interim/market/filing_event_returns_daily_hybrid_api_a_conf49_v1.parquet; data/curated/v4_3/factor_inputs,Market-return inputs currently stop at 2024-12-31.,permno; permco; date; filing_id where event returns are used.,"WRDS CRSP monthly stock file, CRSP market index, daily filing returns, and Ken French factor cache.",scripts/validate_wrds_data.py; semantic_ai_washing.analysis.publication_runs.test_09_factor_adjusted_alpha,T00; T09; C4; C5; C6; C7; FC1,"Change factor models, event windows, or return horizons in scripts; keep source CRSP lane fixed for v4.3.",A 2025 return refresh is a v5+ extension and must not silently replace v4.3.,"Required for market efficiency, investor response, and financing-window work."
crsp_compustat_linkage,CIK-GVKEY-PERMNO bridge and WRDS linkage reports used to connect filings to accounting and market data.,data/interim/linking; data/reports/wrds,Annual bridge 2016-2025; filing bridge 2016-2025 before return filters.,cik; gvkey; permno; permco; filing_id; year.,"Ever-speaker CIK-GVKEY crosswalk, annual WRDS backbone, filing-level bridge, and unmatched-link diagnostics.",scripts/validate_wrds_data.py; docs/wrds_source_inventory.md,All WRDS-backed tables through annual and event panels.,Inspect unmatched tails before changing linkage logic; test changes in a new bridge version.,Do not overwrite the v4.3 bridge without preserving unmatched diagnostics and row-count reconciliation.,"Important for any added market, governance, or labor dataset."
execucomp_ceo_extract,Staged CEO-row ExecuComp extract used for the executive-incentive table.,data/external/execucomp/execucomp_ceo_anncomp_2015_2024.parquet,2015-2024 support for v4.3 Test 25.,gvkey/company identifier; fiscal year; executive/CEO rows.,WRDS ExecuComp extract staged as a private cache so reruns do not require credentials.,scripts/check_private_data.py; docs/t25_execucomp_policy.md,T25,Add compensation variables in a copied extract or versioned refresh.,Never store WRDS credentials; any refresh is explicit and local to the coauthor.,Supports governance and incentive mechanism revisions.
sec_source_samples_and_links,Representative raw/Stage-One SEC samples plus source links for bottom-up text-source audit.,data/raw/sec_samples; data/docs/source_links/sec_stage_one_sources.md,Representative samples; full raw corpus intentionally excluded.,source filenames and filing identifiers where available.,"Selected SEC full-submission samples, Notre Dame Stage-One samples, and public source documentation.",scripts/validate_sec_source_policy.py; docs/sec_raw_source_policy.md,Support for all disclosure-measure tables.,Add more samples for audit; do not bundle full raw SEC unless coauthors request a raw rebuild.,Keep source samples separate from extracted sentence and classifier outputs.,Useful for reviewer demonstrations of extraction mechanics.
comment_letter_and_enforcement_events,SEC comment-letter and enforcement-salience event inputs for scrutiny-channel tests.,data/curated/v4_3/comment_letter_event_panel.parquet; annual panel enforcement-salience columns,v4.3 event and annual timing windows as staged.,cik; year; event timing fields.,Comment-letter event panel and annual enforcement-salience timing merged into publication scripts.,semantic_ai_washing.analysis.publication_runs.test_20_comment_letter_cleanup; semantic_ai_washing.analysis.publication_runs.test_29_sec_ai_washing_enforcement_did,T20; T29,Change event windows or salience definitions only in new output runs.,Keep original v4.3 event definitions until a release note promotes a revised scrutiny design.,Supports regulatory attention and disclosure-cleanup extensions.
frozen_v43_generated_evidence,"Frozen v4.3 generated table/figure CSV, TeX, PDF, and run-directory evidence used for comparison.",Git tracked under data/curated/v4_3/generated_exports and data/curated/v4_3/generated_runs,All 24 tables and 2 figures in the v4.3 reproduction surface.,asset_id; run_id; script/test identifiers.,Curated from the v4.3 release build and used by reproduction status checks.,scripts/reproduce_assets.py; scripts/compare_selected_reproduction.py,All v4.3 assets.,Use as reference evidence; write new generated outputs under outputs/ and compare before promotion.,Do not overwrite frozen evidence; create a new release folder for v5+.,"Allows coauthors to see whether changes are numerical, formatting-only, or intentional future results."
