module,capsule_path,source_path
semantic_ai_washing.analysis.build_delivery_figures,src/semantic_ai_washing/analysis/build_delivery_figures.py,/Users/soheilkhodadadi/Documents/Projects/semantic-patterns/src/semantic_ai_washing/analysis/build_delivery_figures.py
semantic_ai_washing.analysis.build_delivery_table_docs,src/semantic_ai_washing/analysis/build_delivery_table_docs.py,/Users/soheilkhodadadi/Documents/Projects/semantic-patterns/src/semantic_ai_washing/analysis/build_delivery_table_docs.py
semantic_ai_washing.analysis.delivery_table_payloads,src/semantic_ai_washing/analysis/delivery_table_payloads.py,/Users/soheilkhodadadi/Documents/Projects/semantic-patterns/src/semantic_ai_washing/analysis/delivery_table_payloads.py
semantic_ai_washing.analysis.generate_delivery_table_artifacts,src/semantic_ai_washing/analysis/generate_delivery_table_artifacts.py,/Users/soheilkhodadadi/Documents/Projects/semantic-patterns/src/semantic_ai_washing/analysis/generate_delivery_table_artifacts.py
semantic_ai_washing.analysis.ken_french_factors,src/semantic_ai_washing/analysis/ken_french_factors.py,/Users/soheilkhodadadi/Documents/Projects/semantic-patterns/src/semantic_ai_washing/analysis/ken_french_factors.py
semantic_ai_washing.analysis.publication_runs.appendix_variable_definitions,src/semantic_ai_washing/analysis/publication_runs/appendix_variable_definitions.py,/Users/soheilkhodadadi/Documents/Projects/semantic-patterns/src/semantic_ai_washing/analysis/publication_runs/appendix_variable_definitions.py
semantic_ai_washing.analysis.publication_runs.legacy_a1_mismatch_determinants_full,src/semantic_ai_washing/analysis/publication_runs/legacy_a1_mismatch_determinants_full.py,/Users/soheilkhodadadi/Documents/Projects/semantic-patterns/src/semantic_ai_washing/analysis/publication_runs/legacy_a1_mismatch_determinants_full.py
semantic_ai_washing.analysis.publication_runs.legacy_a2_mismatch_intensity,src/semantic_ai_washing/analysis/publication_runs/legacy_a2_mismatch_intensity.py,/Users/soheilkhodadadi/Documents/Projects/semantic-patterns/src/semantic_ai_washing/analysis/publication_runs/legacy_a2_mismatch_intensity.py
semantic_ai_washing.analysis.publication_runs.legacy_b1_measurement_audit,src/semantic_ai_washing/analysis/publication_runs/legacy_b1_measurement_audit.py,/Users/soheilkhodadadi/Documents/Projects/semantic-patterns/src/semantic_ai_washing/analysis/publication_runs/legacy_b1_measurement_audit.py
semantic_ai_washing.analysis.publication_runs.legacy_b2_attrition_map,src/semantic_ai_washing/analysis/publication_runs/legacy_b2_attrition_map.py,/Users/soheilkhodadadi/Documents/Projects/semantic-patterns/src/semantic_ai_washing/analysis/publication_runs/legacy_b2_attrition_map.py
semantic_ai_washing.analysis.publication_runs.legacy_classifier_risk_highconf,src/semantic_ai_washing/analysis/publication_runs/legacy_classifier_risk_highconf.py,/Users/soheilkhodadadi/Documents/Projects/semantic-patterns/src/semantic_ai_washing/analysis/publication_runs/legacy_classifier_risk_highconf.py
semantic_ai_washing.analysis.publication_runs.legacy_r1_disclosure_volume,src/semantic_ai_washing/analysis/publication_runs/legacy_r1_disclosure_volume.py,/Users/soheilkhodadadi/Documents/Projects/semantic-patterns/src/semantic_ai_washing/analysis/publication_runs/legacy_r1_disclosure_volume.py
semantic_ai_washing.analysis.publication_runs.legacy_r1_summary_stats,src/semantic_ai_washing/analysis/publication_runs/legacy_r1_summary_stats.py,/Users/soheilkhodadadi/Documents/Projects/semantic-patterns/src/semantic_ai_washing/analysis/publication_runs/legacy_r1_summary_stats.py
semantic_ai_washing.analysis.publication_runs.legacy_r2_ai_focus_timing,src/semantic_ai_washing/analysis/publication_runs/legacy_r2_ai_focus_timing.py,/Users/soheilkhodadadi/Documents/Projects/semantic-patterns/src/semantic_ai_washing/analysis/publication_runs/legacy_r2_ai_focus_timing.py
semantic_ai_washing.analysis.publication_runs.legacy_r4_actionable_patent_timing,src/semantic_ai_washing/analysis/publication_runs/legacy_r4_actionable_patent_timing.py,/Users/soheilkhodadadi/Documents/Projects/semantic-patterns/src/semantic_ai_washing/analysis/publication_runs/legacy_r4_actionable_patent_timing.py
semantic_ai_washing.analysis.publication_runs.legacy_r5_speculative_patent_timing,src/semantic_ai_washing/analysis/publication_runs/legacy_r5_speculative_patent_timing.py,/Users/soheilkhodadadi/Documents/Projects/semantic-patterns/src/semantic_ai_washing/analysis/publication_runs/legacy_r5_speculative_patent_timing.py
semantic_ai_washing.analysis.publication_runs.legacy_r7_as_mismatch_tplus2,src/semantic_ai_washing/analysis/publication_runs/legacy_r7_as_mismatch_tplus2.py,/Users/soheilkhodadadi/Documents/Projects/semantic-patterns/src/semantic_ai_washing/analysis/publication_runs/legacy_r7_as_mismatch_tplus2.py
semantic_ai_washing.analysis.publication_runs.legacy_r8_mismatch_determinants_reduced,src/semantic_ai_washing/analysis/publication_runs/legacy_r8_mismatch_determinants_reduced.py,/Users/soheilkhodadadi/Documents/Projects/semantic-patterns/src/semantic_ai_washing/analysis/publication_runs/legacy_r8_mismatch_determinants_reduced.py
semantic_ai_washing.analysis.publication_runs.legacy_timing_table_utils,src/semantic_ai_washing/analysis/publication_runs/legacy_timing_table_utils.py,/Users/soheilkhodadadi/Documents/Projects/semantic-patterns/src/semantic_ai_washing/analysis/publication_runs/legacy_timing_table_utils.py
semantic_ai_washing.analysis.publication_runs.test_03_post_filing_drift,src/semantic_ai_washing/analysis/publication_runs/test_03_post_filing_drift.py,/Users/soheilkhodadadi/Documents/Projects/semantic-patterns/src/semantic_ai_washing/analysis/publication_runs/test_03_post_filing_drift.py
semantic_ai_washing.analysis.publication_runs.test_03_post_filing_portfolio_alpha,src/semantic_ai_washing/analysis/publication_runs/test_03_post_filing_portfolio_alpha.py,/Users/soheilkhodadadi/Documents/Projects/semantic-patterns/src/semantic_ai_washing/analysis/publication_runs/test_03_post_filing_portfolio_alpha.py
semantic_ai_washing.analysis.publication_runs.test_05_size_heterogeneity,src/semantic_ai_washing/analysis/publication_runs/test_05_size_heterogeneity.py,/Users/soheilkhodadadi/Documents/Projects/semantic-patterns/src/semantic_ai_washing/analysis/publication_runs/test_05_size_heterogeneity.py
semantic_ai_washing.analysis.publication_runs.test_09_factor_adjusted_alpha,src/semantic_ai_washing/analysis/publication_runs/test_09_factor_adjusted_alpha.py,/Users/soheilkhodadadi/Documents/Projects/semantic-patterns/src/semantic_ai_washing/analysis/publication_runs/test_09_factor_adjusted_alpha.py
semantic_ai_washing.analysis.publication_runs.test_12_predictive_return_controls,src/semantic_ai_washing/analysis/publication_runs/test_12_predictive_return_controls.py,/Users/soheilkhodadadi/Documents/Projects/semantic-patterns/src/semantic_ai_washing/analysis/publication_runs/test_12_predictive_return_controls.py
semantic_ai_washing.analysis.publication_runs.test_13_pre_post_event_path,src/semantic_ai_washing/analysis/publication_runs/test_13_pre_post_event_path.py,/Users/soheilkhodadadi/Documents/Projects/semantic-patterns/src/semantic_ai_washing/analysis/publication_runs/test_13_pre_post_event_path.py
semantic_ai_washing.analysis.publication_runs.test_15_matched_ai_talking_sample,src/semantic_ai_washing/analysis/publication_runs/test_15_matched_ai_talking_sample.py,/Users/soheilkhodadadi/Documents/Projects/semantic-patterns/src/semantic_ai_washing/analysis/publication_runs/test_15_matched_ai_talking_sample.py
semantic_ai_washing.analysis.publication_runs.test_16_construct_variant_screen,src/semantic_ai_washing/analysis/publication_runs/test_16_construct_variant_screen.py,/Users/soheilkhodadadi/Documents/Projects/semantic-patterns/src/semantic_ai_washing/analysis/publication_runs/test_16_construct_variant_screen.py
semantic_ai_washing.analysis.publication_runs.test_17_real_outcome_dynamics,src/semantic_ai_washing/analysis/publication_runs/test_17_real_outcome_dynamics.py,/Users/soheilkhodadadi/Documents/Projects/semantic-patterns/src/semantic_ai_washing/analysis/publication_runs/test_17_real_outcome_dynamics.py
semantic_ai_washing.analysis.publication_runs.test_20_comment_letter_cleanup,src/semantic_ai_washing/analysis/publication_runs/test_20_comment_letter_cleanup.py,/Users/soheilkhodadadi/Documents/Projects/semantic-patterns/src/semantic_ai_washing/analysis/publication_runs/test_20_comment_letter_cleanup.py
semantic_ai_washing.analysis.publication_runs.test_25_exec_incentive_mismatch,src/semantic_ai_washing/analysis/publication_runs/test_25_exec_incentive_mismatch.py,/Users/soheilkhodadadi/Documents/Projects/semantic-patterns/src/semantic_ai_washing/analysis/publication_runs/test_25_exec_incentive_mismatch.py
semantic_ai_washing.analysis.publication_runs.test_29_sec_ai_washing_enforcement_did,src/semantic_ai_washing/analysis/publication_runs/test_29_sec_ai_washing_enforcement_did.py,/Users/soheilkhodadadi/Documents/Projects/semantic-patterns/src/semantic_ai_washing/analysis/publication_runs/test_29_sec_ai_washing_enforcement_did.py
semantic_ai_washing.analysis.publication_runs.test_30_capital_raising_timing,src/semantic_ai_washing/analysis/publication_runs/test_30_capital_raising_timing.py,/Users/soheilkhodadadi/Documents/Projects/semantic-patterns/src/semantic_ai_washing/analysis/publication_runs/test_30_capital_raising_timing.py
semantic_ai_washing.analysis.publication_runs.test_32_market_reaction_in_issue_windows,src/semantic_ai_washing/analysis/publication_runs/test_32_market_reaction_in_issue_windows.py,/Users/soheilkhodadadi/Documents/Projects/semantic-patterns/src/semantic_ai_washing/analysis/publication_runs/test_32_market_reaction_in_issue_windows.py
semantic_ai_washing.analysis.run_regressions,src/semantic_ai_washing/analysis/run_regressions.py,/Users/soheilkhodadadi/Documents/Projects/semantic-patterns/src/semantic_ai_washing/analysis/run_regressions.py
semantic_ai_washing.patents,src/semantic_ai_washing/patents/__init__.py,/Users/soheilkhodadadi/Documents/Projects/semantic-patterns/src/semantic_ai_washing/patents/__init__.py
semantic_ai_washing.patents.paths,src/semantic_ai_washing/patents/paths.py,created_in_ai_washing_phase4_path_contract
semantic_ai_washing.patents.keyword_matching,src/semantic_ai_washing/patents/keyword_matching.py,/Users/soheilkhodadadi/Documents/Projects/semantic-patterns/src/semantic_ai_washing/patents/keyword_matching.py
semantic_ai_washing.patents.patentsview_sources,src/semantic_ai_washing/patents/patentsview_sources.py,/Users/soheilkhodadadi/Documents/Projects/semantic-patterns/src/semantic_ai_washing/patents/patentsview_sources.py
semantic_ai_washing.patents.pregrant_sources,src/semantic_ai_washing/patents/pregrant_sources.py,/Users/soheilkhodadadi/Documents/Projects/semantic-patterns/src/semantic_ai_washing/patents/pregrant_sources.py
semantic_ai_washing.patents.build_company_lookup,src/semantic_ai_washing/patents/build_company_lookup.py,/Users/soheilkhodadadi/Documents/Projects/semantic-patterns/src/semantic_ai_washing/patents/build_company_lookup.py
semantic_ai_washing.patents.extract_filtered_patents_lightweight,src/semantic_ai_washing/patents/extract_filtered_patents_lightweight.py,/Users/soheilkhodadadi/Documents/Projects/semantic-patterns/src/semantic_ai_washing/patents/extract_filtered_patents_lightweight.py
semantic_ai_washing.patents.extract_filtered_pregrant_applications_lightweight,src/semantic_ai_washing/patents/extract_filtered_pregrant_applications_lightweight.py,/Users/soheilkhodadadi/Documents/Projects/semantic-patterns/src/semantic_ai_washing/patents/extract_filtered_pregrant_applications_lightweight.py
semantic_ai_washing.patents.benchmark_keyword_sets,src/semantic_ai_washing/patents/benchmark_keyword_sets.py,/Users/soheilkhodadadi/Documents/Projects/semantic-patterns/src/semantic_ai_washing/patents/benchmark_keyword_sets.py
semantic_ai_washing.patents.benchmark_keyword_sets_lightweight,src/semantic_ai_washing/patents/benchmark_keyword_sets_lightweight.py,/Users/soheilkhodadadi/Documents/Projects/semantic-patterns/src/semantic_ai_washing/patents/benchmark_keyword_sets_lightweight.py
semantic_ai_washing.patents.run_patent_fuzzy_sensitivity_sample,src/semantic_ai_washing/patents/run_patent_fuzzy_sensitivity_sample.py,/Users/soheilkhodadadi/Documents/Projects/semantic-patterns/src/semantic_ai_washing/patents/run_patent_fuzzy_sensitivity_sample.py
