asset_id,asset_type,relative_path,labels,captions,sha256,size_bytes
appendix_A1_measurement_audit,table_input,table_inputs/appendix/appendix_A1_measurement_audit.tex,tab:appendix_audit,Measurement audit of the disclosure-classification layer,99511a8b4eb3586d6b8aa63fea00b54d19b728d70a344b3d144a14a5c0c9cf24,1873
appendix_A2_attrition_map,table_input,table_inputs/appendix/appendix_A2_attrition_map.tex,tab:appendix_attrition,Attrition map for the expanded 2016--2025 AI-washing sample,ec5874556a04c6d8746e545398170b26c773431ef3c0e4a44ef88aefd42ab3cf,3248
appendix_A3_highconf_composition,table_input,table_inputs/appendix/appendix_A3_highconf_composition.tex,tab:appendix_highconf_comp,Classifier-risk robustness: high-confidence composition tests,cc90dd42573761667d3848a791f86e9d61555d2412572b28e7024513b6798610,1432
appendix_A4_highconf_mismatch,table_input,table_inputs/appendix/appendix_A4_highconf_mismatch.tex,tab:appendix_highconf_mismatch,Classifier-risk robustness: high-confidence mismatch tests,6277f4ad64940a82fc81c776af944bb5a06d265b15954470a24c5b1ff64aef74,1396
appendix_A5_variable_definitions,table_input,table_inputs/appendix/appendix_A5_variable_definitions.tex,tab:appendix_var_defs | tab:appendix_var_defs_controls | tab:appendix_var_defs_market,"Variable definitions: disclosure and credibility measures | Variable definitions: patents and accounting controls | Variable definitions: event, valuation, financing, and treatment variables",2c7b432eb5d5bdf30af98f1d64914edb819d5cdf2493cf268ffa57bcf378cc32,9495
appendix_B1_ai_focus_timing,table_input,table_inputs/appendix/appendix_B1_ai_focus_timing.tex,tab:appendix_aifocus_timing,AI disclosure intensity and AI patent timing,56a5d5988826c3be77f495e456e9217ce7b48b712bc10bfbff30e60c12203d39,1173
appendix_B2_actionable_timing,table_input,table_inputs/appendix/appendix_B2_actionable_timing.tex,tab:appendix_actionable_timing,Actionable disclosure and AI patent timing,ab81994dd44c61293044ab8d4377d8bed84c5f96c353ccd3d04218f2c353179f,1646
appendix_B3_speculative_timing,table_input,table_inputs/appendix/appendix_B3_speculative_timing.tex,tab:appendix_speculative_timing,Speculative-only disclosure and AI patent timing,b513daeb590a68f24100ef4d2735574238055f63f2f4b02036d320505c4d59aa,1629
appendix_B4_as_mismatch_tplus2,table_input,table_inputs/appendix/appendix_B4_as_mismatch_tplus2.tex,tab:appendix_mismatch_tplus2,"AS ratio, PatentMismatch, and longer-horizon AI patenting",ddfa0fbdd514acf4e81599aa70bce12478bcbc016df90ec63968358697035cc8,1319
appendix_C1_det_reduced,table_input,table_inputs/appendix/appendix_C1_det_reduced.tex,tab:appendix_det_reduced,Reduced-baseline determinants of PatentMismatch,a64051518596b42be9e6dd54c8341b37ed4204ac4c3d636440a389967276d8a8,1696
appendix_C2_det_full,table_input,table_inputs/appendix/appendix_C2_det_full.tex,tab:appendix_det_full,Full-baseline determinants of PatentMismatch,41e266e9264e459dc21f5a739211b780dc507720940ad2f8330630f1e5550abe,1860
appendix_C3_det_intensity,table_input,table_inputs/appendix/appendix_C3_det_intensity.tex,tab:appendix_det_intensity,Full-baseline determinants of PatentMismatch intensity,212f113baa65a879da226faeac6db3f826f4078abf7de89b2313ea2f107138e3,1864
appendix_C4_size_heterogeneity,table_input,table_inputs/appendix/appendix_C4_size_heterogeneity.tex,tab:appendix_size_heterogeneity,Size heterogeneity in filing-date and post-filing mismatch effects,27a4dee230185fbb6a0f60b83b94bee45c881ed57a7c8e263ab6e3d9823b029e,1764
appendix_C5_issue_window_market,table_input,table_inputs/appendix/appendix_C5_issue_window_market.tex,tab:appendix_issue_window_market,Market reactions in capital-raising windows,67ddfd6792d7bd3804a909cad6adbb8c715a4a47ca34ce5841838a95363b967e,2175
appendix_C6_predictive_return_controls,table_input,table_inputs/appendix/appendix_C6_predictive_return_controls.tex,tab:appendix_predictive_return_controls,Predictive post-filing return regressions with richer controls,64da9e90a0648eeba951d10059d12f7c4f65d2647600bbfba04b8a8e03990cd6,1956
appendix_C7_matched_ai_talking,table_input,table_inputs/appendix/appendix_C7_matched_ai_talking.tex,tab:appendix_matched_ai_talking,Matched AI-talking comparison sample,f20c55444357d7386c4e15b4c8659de86cd4ca019015127fbdef9d30633ed751,1161
test_00_summary_stats,table_input,table_inputs/test_00_summary_stats.tex,tab:summary_stats,Expanded-panel summary statistics and sample coverage,8677a5446aecefc756c397b4b87a282311915ed7fda5666c2ebc199bc7b070f7,5467
test_09_factor_adjusted_alpha,table_input,table_inputs/test_09_factor_adjusted_alpha.tex,tab:factor_adjusted_alpha_v31,Factor-adjusted calendar-time long-short alpha after AI filing signals,ea89e96e63400d92fc0b818a443d23e105dd629d44e747be9b829092a796b005,1865
test_16_construct_variant_screen,table_input,table_inputs/test_16_construct_variant_screen.tex,tab:construct_variant_screen,Construct-variant screen for future AI realization,f7ce151fa6d0cb037bad9e3bffb6de3c7c94f4d37439fd2d6e1f6e733e6d25b5,2115
test_17_real_outcome_dynamics,table_input,table_inputs/test_17_real_outcome_dynamics.tex,tab:real_outcome_dynamics_v31,Real-outcome dynamics in the AI-talking sample,51c11cd7508b291701fe674b225ce7994f90d1197820ba6c1bd52f5cd63f0df2,1502
test_20_comment_letter_cleanup,table_input,table_inputs/test_20_comment_letter_cleanup.tex,tab:comment_letter_cleanup_v32,Disclosure cleanup after SEC comment-letter scrutiny,adccaf57f669f003fbcc490f6c3dee57c776704e77683f7fdbb053c12e81869a,1944
test_25_exec_incentive_mismatch,table_input,table_inputs/test_25_exec_incentive_mismatch.tex,tab:exec_incentive_mismatch_v32,Executive incentives and low-credibility AI disclosure,55c4a0263dd6cc9de4cb1f59e4273e6322706cba34d16eea14883e40612ab250,1955
test_29_sec_ai_washing_enforcement_did,table_input,table_inputs/test_29_sec_ai_washing_enforcement_did.tex,tab:sec_enforcement_did_v32,SEC AI-washing enforcement salience and disclosure cleanup,2823cda7a34de14f6e42e47f3972031fd6d452795499fac436048f0287608c32,1793
test_30_capital_raising_timing,table_input,table_inputs/test_30_capital_raising_timing.tex,tab:capital_raising_timing_v32,Capital-raising timing and low-credibility AI disclosure,76d991d0b8a30a52b6bc5623b2452b31a430037546c99c85beb25583d44867d6,2192
figure1_main,figure,figures/figure1_main.pdf,,,1782b158e7cb6f5e93616e5e7a35c08905e1fa128270274ab1f209c7b8388dbe,201242
figureC1,figure,figures/figureC1.pdf,,,52046f8f4ca38ed69cc247524532b228b588088976d460faf5878381a4397c93,23660
final_validation,release_log,paper/v4_3_logs/final_validation.md,,,f632af1f501e1b7583d0357c818ead6aeee31f3884c4b887ad36db355f9a297e,1154
issue_log,release_log,paper/v4_3_logs/issue_log.csv,,,4bcfbb692b62d756d8d59162786d937f4316a55f716906a56260f804469bc1a7,1000
output_manifest,release_log,paper/v4_3_logs/output_manifest.json,,,ad3035b31c65ae9775c985f1ace6216b98c8fd81c72911d0c3303cd2f5366e61,989
rubric3_high_risk_crosswalk,release_log,paper/v4_3_logs/rubric3_high_risk_crosswalk.md,,,01204115e73e001f6d78d61f8f7bdd41bddce66a42e2b0a8ec4642bce66f1585,2899
thomas_status_memo,release_log,paper/v4_3_logs/thomas_status_memo.md,,,fbee9036b5d1cc8c89a3ac3ed267bb382a4d0dbcd40f2fc88477cce560e5f1cb,1405
