path,kind,bytes,sha256,role
paper/v5_0_editorial_source/README.md,md,1097,edbf9374fd032c903f2ae63d33d58f43f970c821094826cd031f9fc1b18d5a32,v5_editorial_note
paper/v5_0_editorial_source/appendix/appendixA.tex,tex,854,213092085f181c063fb3555d35e15a4d33af248abf1c5e22e4af351a797b334a,v5_editorial_source
paper/v5_0_editorial_source/appendix/appendixB.tex,tex,1029,82a6ba8a66f8b56d1f84df9d59d892704a302de7ec08083bce0d831a297d23f7,v5_editorial_source
paper/v5_0_editorial_source/appendix/appendixC.tex,tex,1593,1b05428ce22dd05dd2b27cd9fdd03ab12ece823ff1409b3a24fdc829fdfc4ebe,v5_editorial_source
paper/v5_0_editorial_source/figures/figure1_main.pdf,pdf,201242,1782b158e7cb6f5e93616e5e7a35c08905e1fa128270274ab1f209c7b8388dbe,v5_editorial_source
paper/v5_0_editorial_source/figures/figureC1.pdf,pdf,23660,52046f8f4ca38ed69cc247524532b228b588088976d460faf5878381a4397c93,v5_editorial_source
paper/v5_0_editorial_source/main.tex,tex,2531,203d212b523b3b379af42cf39b51af2d7be8b0e458174fedc0736afe6b7df6f9,v5_editorial_source
paper/v5_0_editorial_source/sections/abstract.tex,tex,1125,01f213cb45e0089344cca60b3a3c86b8a3dcdaeca2cc657dec43f349619249b5,v5_editorial_source
paper/v5_0_editorial_source/sections/conclusion.tex,tex,3087,688f3528ea4a922a85f05b8e97334ae9022e39d619e9b5fcfe654e3dbbe8266a,v5_editorial_source
paper/v5_0_editorial_source/sections/introduction.tex,tex,6831,77c6e440c54eae88c260e20181975d83802a6c9e3cac35cbdc6517ce58a5c0c7,v5_editorial_source
paper/v5_0_editorial_source/sections/literature.tex,tex,4305,38c90f64d9e8b1489a37da936f7264112e71fca76eff6d1efc5931ab847802eb,v5_editorial_source
paper/v5_0_editorial_source/sections/methods.tex,tex,23338,48705204d75863fe6828d3dfcafce6e2d931c590ff7afca15d72845df6419230,v5_editorial_source
paper/v5_0_editorial_source/sections/references_manual.tex,tex,9034,86429983aaba36900177e58870279246d7366883eb97e3ff66a2317abe57c36b,v5_editorial_source
paper/v5_0_editorial_source/sections/results.tex,tex,7737,427bbc1f8a73224eb895253079759a97ec88a6cc9c6c79ed4a353e5892b825fc,v5_editorial_source
paper/v5_0_editorial_source/table_inputs/appendix/appendix_A1_measurement_audit.tex,tex,1884,d0f7602efa5453ca8fbf9449a931050c2f1a21d47396b9c2ca3609e9cdd4df62,v5_editorial_source
paper/v5_0_editorial_source/table_inputs/appendix/appendix_A2_attrition_map.tex,tex,3232,760ba52ae3358709593101862456df4c7f80aeca1f147e48964fa66f196e6cd0,v5_editorial_source
paper/v5_0_editorial_source/table_inputs/appendix/appendix_A3_highconf_composition.tex,tex,1709,3965e7e6e32d96b56ff79708dbd9523079bd6041db12b3d7b5ad867940d88213,v5_editorial_source
paper/v5_0_editorial_source/table_inputs/appendix/appendix_A4_highconf_mismatch.tex,tex,1723,2d77f1f8fe5ff00b2e8bfed0c16f1e93b3539d594dee3e48443f19669b6df747,v5_editorial_source
paper/v5_0_editorial_source/table_inputs/appendix/appendix_A5_variable_definitions.tex,tex,7108,f2733b9c22c5289faff68b393a3162d3fe01db6c70499932b44bedfff2f386f5,v5_editorial_source
paper/v5_0_editorial_source/table_inputs/appendix/appendix_B1_ai_focus_timing.tex,tex,1287,218e2b2ee707615fd80191dc4d398d3d9c5dc6a239f9482ad01c43b7c4b29cc8,v5_editorial_source
paper/v5_0_editorial_source/table_inputs/appendix/appendix_B2_actionable_timing.tex,tex,1819,cd6d8c7fc3c978b2ccaa81a689ef3dd336bf3597080881bba1ce8d38196639f6,v5_editorial_source
paper/v5_0_editorial_source/table_inputs/appendix/appendix_B3_speculative_timing.tex,tex,1837,4bfc904f37406c6805617537e398ea36a896c0b375f6f15b1f7c2fbaf349e2ce,v5_editorial_source
paper/v5_0_editorial_source/table_inputs/appendix/appendix_B4_as_mismatch_tplus2.tex,tex,1476,a2869b9635bf9448ec762bf5c69a9b6106c7cff98c93cb43f6a46f97ed1776f7,v5_editorial_source
paper/v5_0_editorial_source/table_inputs/appendix/appendix_C1_det_reduced.tex,tex,1696,a64051518596b42be9e6dd54c8341b37ed4204ac4c3d636440a389967276d8a8,v5_editorial_source
paper/v5_0_editorial_source/table_inputs/appendix/appendix_C2_det_full.tex,tex,1860,41e266e9264e459dc21f5a739211b780dc507720940ad2f8330630f1e5550abe,v5_editorial_source
paper/v5_0_editorial_source/table_inputs/appendix/appendix_C3_det_intensity.tex,tex,1864,212f113baa65a879da226faeac6db3f826f4078abf7de89b2313ea2f107138e3,v5_editorial_source
paper/v5_0_editorial_source/table_inputs/appendix/appendix_C4_size_heterogeneity.tex,tex,1764,27a4dee230185fbb6a0f60b83b94bee45c881ed57a7c8e263ab6e3d9823b029e,v5_editorial_source
paper/v5_0_editorial_source/table_inputs/appendix/appendix_C5_issue_window_market.tex,tex,2175,67ddfd6792d7bd3804a909cad6adbb8c715a4a47ca34ce5841838a95363b967e,v5_editorial_source
paper/v5_0_editorial_source/table_inputs/appendix/appendix_C6_predictive_return_controls.tex,tex,1956,64da9e90a0648eeba951d10059d12f7c4f65d2647600bbfba04b8a8e03990cd6,v5_editorial_source
paper/v5_0_editorial_source/table_inputs/appendix/appendix_C7_matched_ai_talking.tex,tex,1161,f20c55444357d7386c4e15b4c8659de86cd4ca019015127fbdef9d30633ed751,v5_editorial_source
paper/v5_0_editorial_source/table_inputs/test_00_summary_stats.tex,tex,5441,af475c2789da4c130f370a251049f25da35cf092594b071a68172981f0bf4b58,v5_editorial_source
paper/v5_0_editorial_source/table_inputs/test_09_factor_adjusted_alpha.tex,tex,1865,ea89e96e63400d92fc0b818a443d23e105dd629d44e747be9b829092a796b005,v5_editorial_source
paper/v5_0_editorial_source/table_inputs/test_16_construct_variant_screen.tex,tex,2115,f7ce151fa6d0cb037bad9e3bffb6de3c7c94f4d37439fd2d6e1f6e733e6d25b5,v5_editorial_source
paper/v5_0_editorial_source/table_inputs/test_17_real_outcome_dynamics.tex,tex,1502,51c11cd7508b291701fe674b225ce7994f90d1197820ba6c1bd52f5cd63f0df2,v5_editorial_source
paper/v5_0_editorial_source/table_inputs/test_20_comment_letter_cleanup.tex,tex,1944,adccaf57f669f003fbcc490f6c3dee57c776704e77683f7fdbb053c12e81869a,v5_editorial_source
paper/v5_0_editorial_source/table_inputs/test_25_exec_incentive_mismatch.tex,tex,1955,55c4a0263dd6cc9de4cb1f59e4273e6322706cba34d16eea14883e40612ab250,v5_editorial_source
paper/v5_0_editorial_source/table_inputs/test_29_sec_ai_washing_enforcement_did.tex,tex,1793,2823cda7a34de14f6e42e47f3972031fd6d452795499fac436048f0287608c32,v5_editorial_source
paper/v5_0_editorial_source/table_inputs/test_30_capital_raising_timing.tex,tex,2192,76d991d0b8a30a52b6bc5623b2452b31a430037546c99c85beb25583d44867d6,v5_editorial_source
