artifact_id,logical_path,role,expected_format,expected_rows,date_column,expected_date_min,expected_date_max,year_column,expected_year_min,expected_year_max,required_columns,notes
comp_funda_full_sample,data/interim/accounting/wrds_comp_funda_full_sample_v1.parquet,required_extension,parquet,35054,datadate,2015-01-31,2025-12-31,fyear,2014,2025,gvkey;datadate;fyear;at;sale;ib;ni;che;dltt;dlc;capx;xrd;emp,Full-sample Compustat fundamentals pull for coauthor audit and control rebuilds.
crsp_msf_full_sample,data/interim/market/wrds_crsp_msf_full_sample_v1.parquet,required_reproduction,parquet,316921,date,2015-01-30,2024-12-31,,,,permno;permco;date;ret;retx;prc;shrout;vol,CRSP monthly stock file extract used by market features and factor/return tests.
crsp_msi_full_sample,data/interim/market/wrds_crsp_msi_full_sample_v1.parquet,required_reproduction,parquet,120,date,2015-01-30,2024-12-31,,,,date;vwretd;ewretd;sprtrn,CRSP monthly market-index extract used by factor-adjusted alpha reproduction.
annual_market_features,data/interim/market/annual_market_features_ever_speaker_2016_2025_hybrid_api_a_conf49_v1.csv,required_reproduction,csv,27426,,,,year,2015,2024,permno;year;annual_ret;annual_retx;obs_months;market_cap_year_end;annual_vwretd;annual_bhar_vw,CRSP-derived annual market features; observed years stop in 2024 because CRSP inputs stop at 2024-12-31.
filing_event_returns_daily,data/interim/market/filing_event_returns_daily_hybrid_api_a_conf49_v1.parquet,required_reproduction,parquet,1675992,trade_date,2016-01-26,2024-12-31,,,,filing_id;cik;gvkey;permno;filing_date;trade_date;relative_day;ret;vwretd;abnormal_ret_vw;shrout,Daily event-return cache for the v4.3 event-market lane.
filing_event_estimation_sample,data/processed/panel/filing_event_estimation_sample_hybrid_api_a_conf49_v1.parquet,required_reproduction,parquet,7355,filing_date,2016-01-28,2024-12-31,,,,filing_id;cik;gvkey;permno;filing_date;car_m1_p1;bhar_6m;control_fyear;at;sale;ni;ln_assets;leverage;sample_car_core,Canonical v4.3 event-market estimation sample; raw shares are validated in CRSP monthly/daily inputs rather than retained as a plain shrout column here.
cik_gvkey_refresh_crosswalk,data/interim/linking/cik_gvkey_ever_speaker_2016_2025_refresh_v1.csv,required_extension,csv,4331,,,,,,,cik;gvkey;ticker_comp;name;sic,Ever-speaker CIK-GVKEY crosswalk used in the full-sample WRDS backbone.
ever_speaker_wrds_backbone,data/interim/linking/ever_speaker_wrds_backbone_2016_2025_hybrid_api_a_conf49_v1.csv,required_extension,csv,50840,,,,year,2016,2025,cik;year;year_end_date;gvkey;permno;permco;sic;wrds_bridge_status;valid_candidate_count,Expanded annual ever-speaker WRDS bridge/backbone for 2016-2025.
filing_wrds_bridge,data/interim/linking/filing_wrds_bridge_hybrid_api_a_conf49_v1.csv,required_extension,csv,13584,filing_date,2016-01-05,2025-12-31,,,,filing_id;source_filename;cik;filing_date;gvkey;permno;permco;wrds_bridge_status;valid_candidate_count,Filing-level WRDS bridge for the 2016-2025 filing spine before return-data filters.
filing_wrds_bridge_unmatched,data/reports/wrds/filing_wrds_bridge_unmatched_hybrid_api_a_conf49_v1.csv,support_only,csv,3320,filing_date,2016-01-05,2025-12-31,,,,filing_id;source_filename;cik;filing_date;gvkey;wrds_bridge_status;valid_candidate_count,Audit tail for filing-level rows without a valid CRSP security link.
filing_wrds_bridge_report,data/reports/wrds/filing_wrds_bridge_hybrid_api_a_conf49_v1.json,support_only,json,,,,,,,,,Machine-readable filing WRDS bridge report.
wrds_full_sample_raw_pull_report,data/reports/wrds/wrds_full_sample_raw_pull_v1.json,support_only,json,,,,,,,,,Machine-readable broad-sample WRDS raw-pull report.
full_sample_wrds_backbone_report,data/reports/wrds/full_sample_wrds_backbone_v1.json,support_only,json,,,,,,,,,Machine-readable annual WRDS backbone report.
wrds_bridge_progress_note,data/docs/wrds/track_a_wrds_bridge_progress_v1.md,support_only,markdown,,,,,,,,,Legacy progress note for filing-level WRDS bridge development.
market_data_source_review,data/docs/wrds/track_a_market_data_source_review_v1.md,support_only,markdown,,,,,,,,,Market-data source design review retained for coauthor audit.
full_sample_wrds_raw_progress_note,data/docs/wrds/track_a_full_sample_wrds_raw_progress_v1.md,support_only,markdown,,,,,,,,,Broad-sample WRDS raw-pull progress note retained for coauthor audit.
