row_type,label,Firm + year FE,Industry×year FE,"Firm + year FE, non-fin.","Firm + year FE, non-fin./non-util."
coef,A/S ratio,0.021**,0.071***,0.022**,0.022**
se,,(0.009),(0.017),(0.009),(0.009)
coef,A/S ratio × PatentMismatch,-0.008,-0.082***,-0.008,-0.008
se,,(0.017),(0.019),(0.018),(0.018)
footer,Controls,Y,Y,Y,Y
footer,Firm FE,Y,N,Y,Y
footer,Industry×Year FE,N,Y,N,N
footer,Year FE,Y,N,Y,Y
footer,Non-fin.,N,N,Y,Y
footer,No util.,N,N,N,Y
footer,Adj. R²,-0.171,0.040,-0.173,-0.173
footer,Observations,"14,968","14,968","13,759","13,737"
