row_type,label,Firm + year FE,Industry + year FE,"Firm + year FE, non-fin.","Firm + year FE, non-fin./non-util."
coef,log(1 + AI patents) at t-2,-0.031***,-0.022**,-0.030***,-0.030***
se,,(0.011),(0.009),(0.011),(0.011)
coef,log(1 + AI patents) at t-1,-0.012,-0.005,-0.012,-0.012
se,,(0.010),(0.010),(0.010),(0.010)
coef,log(1 + AI patents) at t,0.000,0.002,0.001,0.001
se,,(0.010),(0.010),(0.010),(0.010)
coef,log(1 + AI patents) at t+1,0.004,0.005,0.002,0.002
se,,(0.007),(0.007),(0.007),(0.007)
coef,log(1 + AI patents) at t+2,0.001,0.012*,0.002,0.002
se,,(0.007),(0.007),(0.007),(0.007)
footer,Controls,Y,Y,Y,Y
footer,Firm FE,Y,N,Y,Y
footer,Industry FE,N,Y,N,N
footer,Year FE,Y,Y,Y,Y
footer,Non-fin.,N,N,Y,Y
footer,No util.,N,N,N,Y
footer,Adj. R²,-0.170,-0.002,-0.172,-0.172
footer,Observations,"14,968","14,968","13,759","13,737"
