row_type,label,Log assets,Cash/assets,Leverage,R&D/assets,CAPX/assets,ROA,Employees (k),Multivar.
coef,Log assets,0.012***,,,,,,,0.009**
se,,(0.004),,,,,,,(0.003)
coef,Cash/assets,,-0.024,,,,,,0.037
se,,,(0.034),,,,,,(0.046)
coef,Leverage,,,0.041,,,,,0.028
se,,,,(0.036),,,,,(0.059)
coef,R&D/assets,,,,-0.029,,,,-0.025
se,,,,,(0.033),,,,(0.050)
coef,CAPX/assets,,,,,0.016,,,-0.497
se,,,,,,(0.263),,,(0.376)
coef,ROA,,,,,,0.013,,-0.001
se,,,,,,,(0.009),,(0.017)
coef,Employees (k),,,,,,,0.000,0.000
se,,,,,,,,(0.000),(0.000)
footer,Industry FE,Y,Y,Y,Y,Y,Y,Y,Y
footer,All baseline covars.,N,N,N,N,N,N,N,Y
footer,Baseline year,2016,2016,2016,2016,2016,2016,2016,2016
footer,Adj. R²,0.287,0.283,0.283,0.132,0.285,0.285,0.278,0.133
footer,Observations,"2,680","2,680","2,666","1,466","2,666","2,676","2,479","1,331"
