section,row_type,label,t-2,t-1,t,t+1,t+2
Panel A. Actionable disclosure,heading,,,,,,
Panel A. Actionable disclosure,coef,Actionable disclosure (dummy),0.047,0.049*,0.030,0.035,0.072
Panel A. Actionable disclosure,se,,(0.029),(0.029),(0.029),(0.039),(0.047)
Panel B. Speculative-only disclosure,heading,,,,,,
Panel B. Speculative-only disclosure,coef,Speculative-only disclosure (dummy),-0.014,-0.010,-0.006,-0.076,-0.129
Panel B. Speculative-only disclosure,se,,(0.049),(0.046),(0.044),(0.080),(0.082)
Panel B. Speculative-only disclosure,footer,Controls,Y,Y,Y,Y,Y
Panel B. Speculative-only disclosure,footer,Firm FE,Y,Y,Y,Y,Y
Panel B. Speculative-only disclosure,footer,Year FE,Y,Y,Y,Y,Y
Panel B. Speculative-only disclosure,footer,Adj. R²,-0.953,-0.954,-0.928,-0.922,-0.916
Panel B. Speculative-only disclosure,footer,Observations,"2,810","2,810","2,810","2,810","2,810"
