year,ai_total_mean,n_A_mean,n_S_mean,any_ai_share,firm_years,act_share_mean,spec_share_mean
2016,0.13178599527930762,0.08969315499606609,0.012785208497246263,0.04228953579858379,5084,0.8406322903262928,0.061693291069056064
2017,0.18627065302911094,0.12136113296616838,0.024193548387096774,0.058221872541306056,5084,0.7409452041884906,0.12391966067637424
2018,0.3601494885916601,0.23603461841070023,0.06058221872541306,0.0940204563335956,5084,0.702067561895902,0.17240942555179675
2019,0.6040519276160503,0.40460267505900865,0.09284028324154209,0.12431156569630213,5084,0.7073894668311654,0.16761053316883456
2020,0.7403619197482297,0.496852871754524,0.11152635719905586,0.1481117230527144,5084,0.6997459177311016,0.1780761274216209
2021,2.3141227380015734,1.4437450826121165,0.33713611329661686,0.240558615263572,5084,0.7161588960993653,0.15955655770276053
2022,3.1976789929189615,2.0082612116443745,0.4675452399685287,0.3168764752163651,5084,0.7209429401331396,0.17291180847021237
2023,4.395751376868607,2.3088119590873326,0.6191974822974036,0.36860739575137685,5084,0.6719188484831884,0.17493280573239325
2024,9.111723052714398,3.4490558615263573,1.011801730920535,0.574744295830055,5084,0.4999668268966911,0.1773090115701125
2025,8.045239968528717,2.6359166011014947,0.7832415420928402,0.74213217938631,5084,0.4909987194833001,0.18856661314325698
