artifact_id,check_name,severity,status,observed,expected,notes
annual_panel,row_count,ok,pass,50840,50840,
annual_panel,year_coverage,ok,pass,2016-2025,2016-2025,
annual_panel,duplicate_key_rows,ok,pass,0,0,cik+year
annual_panel,core_key_missingness,ok,pass,"{'cik': 0, 'year': 0}",all zero,
annual_panel,nonnegative_doc_count,ok,pass,0,0,
annual_panel,nonnegative_n_total,ok,pass,0,0,
annual_panel,nonnegative_n_A,ok,pass,0,0,
annual_panel,nonnegative_n_S,ok,pass,0,0,
annual_panel,nonnegative_n_I,ok,pass,0,0,
annual_panel,nonnegative_ai_total,ok,pass,0,0,
annual_panel,nonnegative_patents_total,ok,pass,0,0,
annual_panel,nonnegative_patents_ai,ok,pass,0,0,
annual_panel,nonnegative_applications_total,ok,pass,0,0,
annual_panel,nonnegative_applications_ai,ok,pass,0,0,
annual_panel,nonnegative_shrout,ok,pass,0,0,
annual_panel,nonnegative_market_cap_year_end,ok,pass,0,0,
annual_panel,bounded_0_1_share_A,ok,pass,0,0,
annual_panel,bounded_0_1_share_S,ok,pass,0,0,
annual_panel,bounded_0_1_share_I,ok,pass,0,0,
annual_panel,bounded_0_1_ActShare,ok,pass,0,0,
annual_panel,bounded_0_1_SpecShare,ok,pass,0,0,
annual_panel,bounded_0_1_has_actionable,ok,pass,0,0,
annual_panel,bounded_0_1_has_spec_only,ok,pass,0,0,
event_panel,row_count,ok,pass,7355,7355,
event_panel,year_coverage,ok,pass,2016-2024,2016-2024,
event_panel,duplicate_key_rows,ok,pass,0,0,filing_id
event_panel,core_key_missingness,ok,pass,{'filing_id': 0},all zero,
event_panel,nonnegative_at,ok,pass,0,0,
event_panel,nonnegative_sentence_count,ok,pass,0,0,
event_panel,nonnegative_n_actionable,ok,pass,0,0,
event_panel,nonnegative_n_speculative,ok,pass,0,0,
event_panel,nonnegative_n_irrelevant,ok,pass,0,0,
event_panel,nonnegative_n_ai_total,ok,pass,0,0,
event_panel,bounded_0_1_share_actionable,ok,pass,0,0,
event_panel,bounded_0_1_share_speculative,ok,pass,0,0,
event_panel,bounded_0_1_share_irrelevant,ok,pass,0,0,
event_panel,bounded_0_1_any_actionable,ok,pass,0,0,
event_panel,bounded_0_1_any_speculative,ok,pass,0,0,
event_panel,bounded_0_1_any_irrelevant,ok,pass,0,0,
event_panel,negative_sales_observations,manageable,review,4,0 preferred,Compustat sales can be anomalous; report rather than silently drop.
daily_event_returns,row_count,ok,pass,1675992,1675992,
daily_event_returns,date_max,ok,pass,2024-12-31,2024-12-31,
daily_event_returns,duplicate_key_rows,ok,pass,0,0,filing_id+relative_day
daily_event_returns,core_key_missingness,ok,pass,"{'filing_id': 0, 'relative_day': 0}",all zero,
daily_event_returns,nonnegative_shrout,ok,pass,0,0,
daily_event_returns,negative_crsp_price_sign_convention,info,info,7078,allowed,CRSP negative price can indicate bid/ask average sign convention.
crsp_monthly,row_count,ok,pass,316921,316921,
crsp_monthly,date_max,ok,pass,2024-12-31,2024-12-31,
crsp_monthly,duplicate_key_rows,ok,pass,0,0,permno+date
crsp_monthly,core_key_missingness,ok,pass,"{'permno': 0, 'date': 0}",all zero,
crsp_monthly,nonnegative_shrout,ok,pass,0,0,
crsp_monthly,negative_crsp_price_sign_convention,info,info,2917,allowed,CRSP negative price can indicate bid/ask average sign convention.
execucomp_ceo,row_count,ok,pass,19878,19878,
execucomp_ceo,year_coverage,ok,pass,2015-2024,2015-2024,
execucomp_ceo,duplicate_key_rows,ok,pass,0,0,gvkey+year+execid
execucomp_ceo,core_key_missingness,ok,pass,"{'gvkey': 0, 'year': 0, 'execid': 0}",all zero,
execucomp_ceo,nonnegative_salary,ok,pass,0,0,
execucomp_ceo,nonnegative_bonus,material_needs_review,review,1,0,
execucomp_ceo,nonnegative_stock_awards_fv,ok,pass,0,0,
execucomp_ceo,nonnegative_option_awards_fv,ok,pass,0,0,
execucomp_ceo,nonnegative_tdc1,ok,pass,0,0,
execucomp_ceo,nonnegative_ownership_pct,material_needs_review,review,1,0,
classifier_outputs,row_count,ok,pass,147879,147879,
classifier_outputs,year_coverage,ok,pass,2016-2025,2016-2025,
classifier_outputs,label_set,ok,pass,"['Actionable', 'Irrelevant', 'Speculative']",non-empty classifier labels,
classifier_outputs,duplicate_sentence_id,ok,pass,0,0,
sec_sentence_outputs,extracted_vs_classified_rows,ok,pass,147879,147879,2016-2024 plus 2025 refresh should reconcile to final classifier output.
grant_counts,row_count,ok,pass,11386,11386,
grant_counts,ai_count_not_above_total,ok,pass,0,0,
pregrant_counts,row_count,ok,pass,12051,12051,
pregrant_counts,ai_count_not_above_total,ok,pass,0,0,
