source_year,source_cik,source_file,predicted_label,prediction_source,api_a_confidence,local_confidence,sentence,short_acronym_only,ml_unit_context,long_anchor_context
2019,1609727,2019/QTR1/20190312_10-K_edgar_data_1609727_0001564590-19-007374.txt,Actionable,local,,0.627104716213806,"Our lead IL-2 AI Synthorin, THOR-805, increased proliferation of CD4+ Tregs in mice in a dose dependent manner following a single IV bolus dose without increases in CD8+ Teff cells.",True,True,False
2021,1577526,2021/QTR2/20210625_10-K_edgar_data_1577526_0001628280-21-012990.txt,Actionable,local,,0.611330479894178,"Optimizes upstream production at-scale with detailed injection well influence, AI-based production forecasts, and artificial lift optimization.",True,True,False
2021,1138723,2021/QTR3/20210817_10-K_edgar_data_1138723_0001564590-21-044920.txt,Actionable,local,,0.5187446515096328,"Using continual image guidance technology and computer controlled robotic mobility, the CyberKnife platform are designed to deliver precise radiation from a wide array of beam angles and automatically track, detect and correct for tumor and patient movement in real time throughout the procedure, enabling artificial-intelligence (AI) driven delivery of precise, high dose radiation with sub-millimeter accuracy without manual user intervention.",True,True,False
2022,1813814,2022/QTR1/20220328_10-K_edgar_data_1813814_0000950170-22-004724.txt,Actionable,local,,0.7249039697279756,"The intersession monitoring platform may include components that support patient education, engagement, preparation and assistance; deep digital diagnosis that allows greater granularity to complement DSM diagnoses; support for treatment selection: modality dose and timing; real world monitoring of trends for relapse prediction and re-treatment decisions; engagement in health maintenance behaviors; and AI models to inform psychotherapeutic intervention.",True,True,False
2022,908259,2022/QTR2/20220415_10-K_edgar_data_908259_0001493152-22-010094.txt,Irrelevant,api_a,high,0.48430278300252466,"The cost-benefit for AI is clear when it replaces labor-intensive and error-prone manual process of vial-inspections to detect inconsistencies for example accidental particulates in the mix, level-of the fill and damaged stoppers.",True,True,False
2022,1577526,2022/QTR2/20220623_10-K_edgar_data_1577526_0001628280-22-017829.txt,Actionable,local,,0.611330479894178,"Optimizes upstream production at-scale with detailed injection well influence, AI-based production forecasts, and artificial lift optimization.",True,True,False
2023,1813814,2023/QTR1/20230309_10-K_edgar_data_1813814_0000950170-23-007053.txt,Actionable,local,,0.7220651892140816,"The intersession monitoring platform may include components that support patient education, engagement, preparation and assistance; deep digital diagnosis that allows greater granularity to complement Diagnostic and Statistical Manual of Mental Disorders DSM diagnoses; support for treatment selection: modality dose and timing; real world monitoring of trends for relapse prediction and re-treatment decisions; engagement in health maintenance behaviors; and AI models to inform psychotherapeutic intervention.",True,True,False
2023,908259,2023/QTR2/20230414_10-K_edgar_data_908259_0001493152-23-012352.txt,Actionable,local,,0.49611773390991926,"The cost-benefit for AI is clear when it replaces labor-intensive and error-prone manual process of vial-inspections to detect inconsistencies such as accidental particulates in the mix, level-of the fill, and damaged stoppers.",True,True,False
2023,1792581,2023/QTR2/20230417_10-K_edgar_data_1792581_0001558370-23-006085.txt,Actionable,local,,0.5264100349093235,The following table shows the projected timeline for our clinical programs: Trial Product candidate Notes Deltacel 1 KB-GDT-01 in combination with a low dose radiotherapy IND#1 based on pre-clinical data from the MDACC SRA Procel KB-PD1 response to clinical hold Isocel KB-ISO-1 response to clinical hold Procel in combination 2 KB-PD1 in combination with a standard antitumor therapy IND#2 based on pre-clinical data from the MDACC SRA Isocel in combination 3 KB-ISO-1 in combination with a standard antitumor therapy IND#3 based on pre-clinical data from the MDACC SRA Exploitation of GDT's Natural Potency We have two simple claims with respect to our allogeneic AI driven GDT engineering approach.,True,True,False
2023,908259,2023/QTR2/20230420_10-K-A_edgar_data_908259_0001493152-23-012978.txt,Actionable,local,,0.49611773390991926,"The cost-benefit for AI is clear when it replaces labor-intensive and error-prone manual process of vial-inspections to detect inconsistencies such as accidental particulates in the mix, level-of the fill, and damaged stoppers.",True,True,False
2024,790526,2024/QTR1/20240229_10-K_edgar_data_790526_0001628280-24-008035.txt,Irrelevant,api_a,high,0.4204779152077302,"Current AI applications are aiding in image creation (for example, reducing the time required to perform an MRI scan, or the dose of a CT or PET scan) as well as aiding physicians performing image interpretation.",True,True,False
2024,1014763,2024/QTR1/20240308_10-K_edgar_data_1014763_0001654954-24-002897.txt,Actionable,local,,0.6309804049879785,"We believe the following attributes differentiate us from other diversified life science companies: - intuitive, telehealth-friendly point-of-care testing - AI-powered VOC testing platform - decades of proprietary low-dose oral interferon clinical research - capital-efficient business model - outsourced manufacturing - global distribution relationships Our Technologies VELDONA Interferons are proteins made by host cells in response to the presence of pathogens.",True,True,False
2024,1138723,2024/QTR3/20240919_10-K_edgar_data_1138723_0000950170-24-108118.txt,Actionable,api_a,high,0.4434756026799321,"With the Accuray-exclusive Synchrony AI-driven tumor tracking with dynamic delivery technology, the CyberKnife platform enables smaller treatment margins around the tumor, minimizing the amount of healthy tissue exposed to high-dose radiation.",True,True,False
2025,1682852,2025/QTR1/20250221_10-K_edgar_data_1682852_0001682852-25-000022.txt,Actionable,local,,0.6456234597893904,"This allows for a detailed review, led by humans and augmented with AI input, while prioritizing safety and optimizing the vaccine dose profile prior to further development in late-stage clinical trials.",True,True,False
2025,790526,2025/QTR1/20250303_10-K_edgar_data_790526_0001628280-25-009481.txt,Irrelevant,api_a,high,0.4204779152077302,"Current AI applications are aiding in image creation (for example, reducing the time required to perform an MRI scan, or the dose of a CT or PET scan) as well as aiding physicians performing image interpretation.",True,True,False
2025,1014763,2025/QTR1/20250307_10-K_edgar_data_1014763_0001493152-25-009568.txt,Actionable,local,,0.5593128109134908,"In 2024, we licensed certain patents and patent applications from Taiwan Carbon Nano Technology Corporation TCNT , a controlling shareholder, to further expand our intellectual properties on our VOC and POCT technologies. 3 We believe the following attributes differentiate us from other diversified life science companies: - intuitive, telehealth-friendly point-of-care testing - AI-powered VOC testing platform - decades of proprietary low-dose oral interferon clinical research - capital-efficient business model - outsourced manufacturing - global distribution relationships Our Technologies VELDONA Interferons are proteins made by host cells in response to the presence of pathogens.",True,True,False
2025,1652935,2025/QTR1/20250313_10-K_edgar_data_1652935_0001683168-25-001581.txt,Actionable,local,,0.7060566741084962,"Animal tumor model data, Phase 1/2 clinical data and AI-based computational approaches have identified a number of areas of unmet clinical need in cancer where elraglusib may play an interventional role, including pancreatic, metastatic melanoma, lung, colon, breast, renal, and ovarian cancer, leukemias and lymphomas, as well as some pediatric cancers including Ewing sarcoma, neuroblastoma and pediatric leukemias. 103 Our lead clinical program, referred to as Actuate-1801, is an intravenous IV injection solution of elraglusib Elraglusib Injection that we are evaluating for the treatment of first-line mPDAC.",True,True,False
2025,1138723,2025/QTR3/20250828_10-K_edgar_data_1138723_0001193125-25-191242.txt,Actionable,api_a,high,0.4434756026799321,"With the Accuray-exclusive Synchrony AI-driven tumor tracking with dynamic delivery technology, the CyberKnife platform enables smaller treatment margins around the tumor, minimizing the amount of healthy tissue exposed to high-dose radiation.",True,True,False
2025,1327567,2025/QTR3/20250829_10-K_edgar_data_1327567_0001327567-25-000027.txt,Irrelevant,local,,0.5811455441691121,"It addresses unique AI security challenges such as prompt injection, data poisoning, and sensitive data leakage, by providing deep visibility and control across AI models, data, and applications.",True,True,False
2025,1713683,2025/QTR3/20250911_10-K_edgar_data_1713683_0001713683-25-000158.txt,Irrelevant,local,,0.8892700630117101,"This growing adoption of AI is leading to an emergence of a new category of risks that go beyond traditional cyber and data risks, including prompt injection, toxicity, training data leakage, model poisoning, tool poisoning and other risks.",True,True,False
2025,1713683,2025/QTR3/20250911_10-K_edgar_data_1713683_0001713683-25-000158.txt,Irrelevant,local,,0.6789788511352757,"AI Guard enforces policies on prompts and responses to protect against toxicity, prompt injection, code sharing, sensitive-data leakage and other adversarial attacks.",True,True,False
2025,1667313,2025/QTR4/20251028_10-K_edgar_data_1667313_0001213900-25-103098.txt,Irrelevant,local,,0.8568471481197768,"Integrating AI introduces new cybersecurity risks, including prompt-injection, data exfiltration, model poisoning, and supply-chain vulnerabilities, as well as the risk that employees inadvertently input confidential or personal data into external systems.",True,True,False
2019,835887,2019/QTR1/20190315_10-K_edgar_data_835887_0001437749-19-004951.txt,Actionable,local,,0.6468269048932107,Japan Proprietary Automated Bone Scan Index BONENAVI Automated reading and quantification of bone scans of prostate cancer patients using artificial intelligence and deep learning Approved Japan Fuji Other Programs RELISTOR Subcutaneous Injection methylnaltrexone bromide OIC in adults with chronic non-cancer pain or advanced-illness adult patients Approved U.S.,False,True,True
2020,835887,2020/QTR1/20200313_10-K_edgar_data_835887_0001437749-20-005145.txt,Actionable,local,,0.687899375251002,Japan Progenics Automated Bone Scan Index BONENAVI Automated reading and quantification of bone scans of prostate cancer patients using artificial intelligence and deep learning Approved Japan FUJIFILM Other Programs RELISTOR Subcutaneous Injection methylnaltrexone bromide OIC in adults with chronic non-cancer pain or advanced-illness adult patients Approved Worldwide Bausch RELISTOR Tablets methylnaltrexone bromide OIC in adults with chronic non-cancer pain Approved U.S.,False,True,True
2020,835887,2020/QTR1/20200313_10-K_edgar_data_835887_0001437749-20-005145.txt,Irrelevant,api_a,high,0.3653190760019366,The deep learning algorithms demonstrated a S rensen Dice score of 0.90 or higher in segmenting anatomical structures in the low dose CT portion of a PyL PET/CT.,False,True,True
2021,1138723,2021/QTR3/20210817_10-K_edgar_data_1138723_0001564590-21-044920.txt,Actionable,api_a,high,0.4216078927117012,"Synchrony is the only technology that uses artificial intelligence, through image guidance, to automatically adapt and synchronize the radiation beam to the position of the tumor if and when it moves during treatment, enabling the delivery of highly conformal radiation beams while minimizing dose to healthy tissue.",False,True,True
2021,1023459,2021/QTR4/20211027_10-K_edgar_data_1023459_0001683168-21-005076.txt,Actionable,local,,0.7372947432438354,"Version 10.2 of ADMET Predictor marketed as APX.2, was released in April 2021, which added many new features including, but not limited to: (i) new capabilities in the High Throughput Pharmacokinetic HTPK Simulation Module which integrates machine learning and physiologically based pharmacokinetic (PBPK) technologies to guide lead selection, (ii) new intravenous (IV) bolus route of administration to complement oral dosing options, (iii) Multi-dosing for more complex administration regimens, (iv) plasma concentration versus time curve overlay for easy comparison across compounds, (v) Additional options for dose optimization to support universal safety and efficacy definitions.",False,True,True
2022,1273636,2022/QTR1/20220214_10-Q_edgar_data_1273636_0001193125-22-039861.txt,Actionable,local,,0.6815135493897435,"Together with a third-party vendor, we have developed a machine learning algorithm based on the available microperimetry data from our Phase 1/2 dose escalation trial that, on a patient-by-patient basis, predicts the loci most likely to improve through evaluation of baseline visual sensitivity.",False,True,True
2022,1273636,2022/QTR2/20220516_10-Q_edgar_data_1273636_0001193125-22-151743.txt,Actionable,local,,0.6815135493897435,"Together with a third-party vendor, we have developed a machine learning algorithm based on the available microperimetry data from our Phase 1/2 dose escalation trial that, on a patient-by-patient basis, predicts the loci most likely to improve through evaluation of baseline visual sensitivity.",False,True,True
2022,1138723,2022/QTR3/20220817_10-K_edgar_data_1138723_0000950170-22-017550.txt,Actionable,api_a,high,0.4203786279579247,"With the Accuray-exclusive Synchrony artificial intelligence (AI)-driven tumor tracking with dynamic delivery technology, the CyberKnife platform enables smaller treatment margins around the tumor, minimizing the amount of healthy tissue exposed to high-dose radiation.",False,True,True
2023,1138723,2023/QTR3/20230907_10-K_edgar_data_1138723_0000950170-23-047052.txt,Actionable,api_a,high,0.4203786279579247,"With the Accuray-exclusive Synchrony artificial intelligence (AI)-driven tumor tracking with dynamic delivery technology, the CyberKnife platform enables smaller treatment margins around the tumor, minimizing the amount of healthy tissue exposed to high-dose radiation.",False,True,True
2024,864749,2024/QTR1/20240226_10-K_edgar_data_864749_0000864749-24-000047.txt,Actionable,local,,0.5943132058568037,"During 2023, we announced a number of new developments including: (i) new versions of our Tekla Structure software for improved user experience such as extended collaboration with BIM model data; (ii) new AI features in Sketchup such as AI-powered image search capabilities to access 3D models on 3D Warehouse, as well as generative AI utilizing text prompts to convert a SketchUp 3D model to a rendered image in seconds with SketchUp Diffusion; (iii) new MEP products including Fabrication Smart Tools for use with native Autodesk users; and (iv) AI functionality for Viewpoint Vista and Spectrum to assist users with injection of PDF invoices.",False,True,True
2024,926617,2024/QTR2/20240401_10-K_edgar_data_926617_0000926617-24-000015.txt,Actionable,local,,0.5229094876173392,"The miRNAs used in the OvaMDx test were the subject of a 2017 paper, Diagnostic potential for a serum miRNA neural network for detection of ovarian cancer published in the peer-reviewed journal Cancer Biology.",False,True,True
2024,926617,2024/QTR2/20240515_10-Q_edgar_data_926617_0000950170-24-060401.txt,Actionable,local,,0.5229094876173392,"The miRNAs used in the OvaMDx test were the subject of a 2017 paper, Diagnostic potential for a serum miRNA neural network for detection of ovarian cancer published in the peer-reviewed journal Cancer Biology.",False,True,True
2024,926617,2024/QTR3/20240813_10-Q_edgar_data_926617_0000950170-24-096220.txt,Actionable,local,,0.5229094876173392,"The miRNAs used in the OvaMDx test were the subject of a 2017 paper, Diagnostic potential for a serum miRNA neural network for detection of ovarian cancer published in the peer-reviewed journal Cancer Biology.",False,True,True
2024,898293,2024/QTR4/20241028_10-K_edgar_data_898293_0001628280-24-043960.txt,Speculative,local,,0.5106163194181011,"These technologies and R D activities include: Automation, including automated tooling Electronic interconnection Advanced polymer and metal material science Single/multi-shot injection molding, stamping, and in-mold labeling Multi-axis computer numerical control Vacuum metallization Physical vapor deposition Digital printing Anodization Thermal-plastic composite formation Plastic with embedded electronics Metal and plastic covers with insert-molded or dies-casting features for assembly Display cover with integrated touch sensor Material processing research (including plastics, metal, glass, and ceramic) Additive manufacturing Outsourced semiconductor assembly and test OSAT capabilities Advanced electric assembly processes Co-packaged optics Liquid cooling Silicon photonics Sustainable materials and design Artificial intelligence and machine learning Our R D efforts span the markets we serve to provide our customers leading edge technologies and solutions.",False,True,True
2024,926617,2024/QTR4/20241119_10-Q_edgar_data_926617_0001493152-24-046836.txt,Irrelevant,api_a,high,0.4579216065604184,"The miRNAs used in the OVAinform test were the subject of a 2017 paper, Diagnostic potential for a serum miRNA neural network for detection of ovarian cancer published in the peer-reviewed journal Cancer Biology.",False,True,True
2025,72444,2025/QTR1/20250320_10-K_edgar_data_72444_0001437749-25-008572.txt,Actionable,local,,0.577721476379517,"Based on our machine learning and evaluation of more than 13 different immune parameters, norovirus vaccination protection most tightly associates with making a functional antibody response to norovirus in the serum NBAA and norovirus specific fecal IgA antibodies.",False,True,True
2025,926617,2025/QTR1/20250327_10-K_edgar_data_926617_0001641172-25-000983.txt,Irrelevant,api_a,high,0.4579216065604184,"The miRNAs used in the OVAinform test were the subject of a 2017 paper, Diagnostic potential for a serum miRNA neural network for detection of ovarian cancer published in the peer-reviewed journal Cancer Biology.",False,True,True
2025,807863,2025/QTR4/20251211_10-K_edgar_data_807863_0001628280-25-056520.txt,Irrelevant,local,,0.5299303092183307,"Digital Fraud Defender (DFD) Digital Fraud Defender is designed to safeguard the identity verification process from modern fraud techniques like deepfakes, injection attacks, and generative AI-based template attacks, helping to future proof organizations from emerging threat vectors.",False,True,True
2016,1209028,2016/QTR1/20160216_10-K_edgar_data_1209028_0001144204-16-082862.txt,Irrelevant,api_a,high,0.4570295459920521,"MARKET FOR REGISTRANT S COMMON EQUITY, RELATED STOCKHOLDER MATTERS AND ISSUER PURCHASES OF EQUITY SECURITIES Our Class A common stock is listed on the NYSE under the symbol AI.",True,False,False
2016,1209028,2016/QTR1/20160216_10-K_edgar_data_1209028_0001144204-16-082862.txt,Actionable,local,,0.5506702351560668,"29 AI S P 500 Index FTSE NAREIT Mortgage REIT Index Old Peer Group (1) December 31, 2010 100.00 100.00 100.00 100.00 December 31, 2011 101.03 102.08 97.56 95.02 December 31, 2012 114.92 118.39 117.05 140.35 December 31, 2013 167.01 156.70 114.52 180.10 December 31, 2014 191.82 178.10 134.97 173.52 December 31, 2015 112.95 180.56 123.26 154.32 (1) The Old Peer Group Index includes the following companies: American Capital, Ltd., Arbor Realty Trust, Inc., Capstead Mortgage Corporation, Dynex Capital, Inc., Hercules Technology Growth Capital, Inc., KCAP Financial Inc., Main Street Capital Corporation, MCG Capital Corporation, NewStar Financial, Inc., RAIT Financial Trust, Redwood Trust, Inc., Resource America, Inc. and Triangle Capital Corporation.",True,False,False
2016,1209028,2016/QTR1/20160216_10-K_edgar_data_1209028_0001144204-16-082862.txt,Actionable,local,,0.6111717920750145,"February 16, 2016 /s/ RICHARD E. KONZMANN Richard E. Konzmann Executive Vice President, Chief Financial Officer, and Treasurer (Principal Financial and Accounting Officer) </EX-32.02> <EX-101.INS> 10 ai-20151231.xml XBRL INSTANCE DOCUMENT </EX-101.INS> <EX-101.SCH> 11 ai-20151231.xsd XBRL TAXONOMY EXTENSION SCHEMA </EX-101.SCH> <EX-101.CAL> 12 ai-20151231_cal.xml XBRL TAXONOMY EXTENSION CALCULATION LINKBASE </EX-101.CAL> <EX-101.DEF> 13 ai-20151231_def.xml XBRL TAXONOMY EXTENSION DEFINITION LINKBASE </EX-101.DEF> <EX-101.LAB> 14 ai-20151231_lab.xml XBRL TAXONOMY EXTENSION LABEL LINKBASE </EX-101.LAB> <EX-101.PRE> 15 ai-20151231_pre.xml XBRL TAXONOMY EXTENSION PRESENTATION LINKBASE </EX-101.PRE>.",True,False,False
2016,1385799,2016/QTR1/20160216_10-K_edgar_data_1385799_0001387131-16-004238.txt,Actionable,local,,0.6929929925231557,"Room 1903 Hing Yip, Commercial Centre, 272 Des Voeux Road Central, Hong Kong, 718332 25,054,881 37.465 Common Stock WU Ai Ping, Room 802, 35 Weicheng Street, Hongyun Garden, Zhongtangshi Lane, Huangpu Road, Tianhe, Guangzhou, 510655 5,000,000 7.477 All Officers & Directors 22,603,540 33.8 27 ITEM 13.",True,False,False
2016,1570585,2016/QTR1/20160216_10-K_edgar_data_1570585_0001570585-16-000395.txt,Actionable,local,,0.5654150251526053,"The net proceeds from UPC Facility AL and UPC Facility AK were used to (1) prepay the remaining 190.0 million 206.5 million outstanding principal amount of UPC Facility Y , together with accrued and unpaid interest and the related prepayment premium, (2) prepay the 1.0 billion outstanding principal amount of UPC Facility Z , together with accrued and unpaid interest and the related prepayment premium, (3) prepay in full the then outstanding 600.0 million 652.0 million amount under UPC Facility AI and (4) prepay 10 of the outstanding principal amount of each of UPC Facility AC and UPC Facility AD , each together with accrued and unpaid interest and the related prepayment premium.",True,False,False
2016,1570585,2016/QTR1/20160216_10-K_edgar_data_1570585_0001570585-16-000395.txt,Irrelevant,api_a,high,0.45266801784521193,"In connection with this transaction, the then existing undrawn revolving term loan UPC Facility AI was cancelled. 2014 and 2013 Refinancing Transactions.",True,False,False
2016,949870,2016/QTR1/20160218_10-K_edgar_data_949870_0001193125-16-468386.txt,Actionable,local,,0.6008932752171374,"You should complete the enclosed forms and send them to Ai-Li Lim, VP of Human Resources, at the above address prior to your first day of employment with us.",True,False,False
2016,949870,2016/QTR1/20160218_10-K_edgar_data_949870_0001193125-16-468386.txt,Actionable,local,,0.6234885976544313,"If you have specific questions regarding your benefits, you may contact Ai-Li directly at .",True,False,False
2016,949870,2016/QTR1/20160218_10-K_edgar_data_949870_0001193125-16-468386.txt,Irrelevant,api_a,high,0.46969039225321996,Please note it is imperative that you provide I-9 documentation to Ai-Li on or before your first day so we are able to add you to our payroll system.,True,False,False
2016,949870,2016/QTR1/20160218_10-K_edgar_data_949870_0001193125-16-468386.txt,Irrelevant,api_a,high,0.44215364850630223,Please sign both copies and send to Ai-Li Lim.,True,False,False
2016,949870,2016/QTR1/20160218_10-K_edgar_data_949870_0001193125-16-468386.txt,Irrelevant,api_a,high,0.4089401209494614,Please indicate your acceptance of this offer by signing one copy of this letter and returning it to Ai-Li Lim by fax at or by mail at the above address.,True,False,False
2016,949870,2016/QTR1/20160218_10-K_edgar_data_949870_0001193125-16-468386.txt,Irrelevant,api_a,high,0.42606201526077186,"Form of Option Agreement Form of Restricted Stock Agreement Employee Equity Incentive Plan (EEIP) Disclosure Statement Employment Agreement (2 copies) Code of Ethics and Business Conduct Insider Trading Policy Corporate Governance Guidelines Benefits Guide Relocation Approval Payback Form Relocation Survey Form cc: Jim Koch Bill Urich Ai-Li Lim Frank H. Smalla December 15, 2015 Page 5 Offer Letter Accepted and agreed to: /s/ Frank H. Smalla December 16, 2015 Frank H. Smalla Date This document should not be misconstrued as a contract.",True,False,False
2016,949870,2016/QTR1/20160218_10-K_edgar_data_949870_0001193125-16-468386.txt,Actionable,local,,0.6008932752171374,"You should complete the enclosed forms and send them to Ai-Li Lim, VP of Human Resources, at the above address prior to your first day of employment with us.",True,False,False
2016,949870,2016/QTR1/20160218_10-K_edgar_data_949870_0001193125-16-468386.txt,Actionable,local,,0.6234885976544313,"If you have specific questions regarding your benefits, you may contact Ai-Li directly at.",True,False,False
2016,949870,2016/QTR1/20160218_10-K_edgar_data_949870_0001193125-16-468386.txt,Irrelevant,api_a,high,0.46969039225321996,Please note it is imperative that you provide I-9 documentation to Ai-Li on or before your first day so we are able to add you to our payroll system.,True,False,False
2016,949870,2016/QTR1/20160218_10-K_edgar_data_949870_0001193125-16-468386.txt,Irrelevant,api_a,high,0.44215364850630223,Please sign both copies and send to Ai-Li Lim.,True,False,False
2016,949870,2016/QTR1/20160218_10-K_edgar_data_949870_0001193125-16-468386.txt,Irrelevant,api_a,high,0.4089401209494614,Please indicate your acceptance of this offer by signing one copy of this letter and returning it to Ai-Li Lim by fax at or by mail at the above address.,True,False,False
2016,949870,2016/QTR1/20160218_10-K_edgar_data_949870_0001193125-16-468386.txt,Irrelevant,api_a,high,0.449247350430618,"Form of Option Agreement Form of Restricted Stock Agreement Employee Equity Incentive Plan (EEIP) Disclosure Statement Employment Agreement (2 copies) Code of Ethics and Business Conduct Insider Trading Policy Corporate Governance Guidelines Benefits Guide Relocation Approval Payback Form Relocation Survey Form cc: Jim Koch Bill Urich Ai-Li Lim Quincy B. Troupe December 15, 2015 Page 5 Offer Letter Accepted and agreed to: /s/ Quincy B. Troupe December 24, 2015 Quincy B. Troupe Date This document should not be misconstrued as a contract.",True,False,False
2016,1159167,2016/QTR1/20160219_10-K_edgar_data_1159167_0001159167-16-000057.txt,Irrelevant,api_a,high,0.4443428853142599,P ro vide a fi re ra t ed w a ll e n clo's ure on fir's t and's eco nd fl oors at t h e st ai rwe ll in t he's o uth eas t c om e r .,True,False,False
2016,1159167,2016/QTR1/20160219_10-K_edgar_data_1159167_0001159167-16-000057.txt,Irrelevant,api_a,high,0.47477593630153125,"Con firm e x ist ing e nclo sure i s fi r e rated w all on firs t and se co nd flo ors at the's t ai rwe ll o n th e north east come r, r evised e x isti n g h an drai l s t o mee t AD A Co m pl ia nce and p rov i de fini's h upgr a d e s simil a r to Buildin g C , D , and E includin g n e w floor c o v e rin gs , paintin g o f stairwell w alls a nd new lighting.",True,False,False
2016,1492633,2016/QTR1/20160219_10-K_edgar_data_1492633_0001564590-16-012905.txt,Irrelevant,local,,0.8329905684194416,"18 Long-term disruptions in the mail, telecommunication infrastructure and/or ai r service could adversely affect our business.",True,False,False
2016,67716,2016/QTR1/20160219_10-K_edgar_data_67716_0000067716-16-000116.txt,Actionable,local,,0.6018361976755977,"1-3480 +10(ai) Instrument of Amendment to the MDU Resources Group, Inc. 401(k) Retirement Plan, dated November 25, 2014, filed as Exhibit 10(ah) to Form 10-K for the year ended December 31, 2014, filed on February 20, 2015, in File No.",True,False,False
2016,67716,2016/QTR1/20160219_10-K_edgar_data_67716_0000067716-16-000116.txt,Actionable,local,,0.6034427253093102,"1-3480 +10(aj) Instrument of Amendment to the MDU Resources Group, Inc. 401(k) Retirement Plan, dated December 11, 2014, filed as Exhibit 10(ai) to Form 10-K for the year ended December 31, 2014, filed on February 20, 2015, in File No.",True,False,False
2016,1277856,2016/QTR1/20160222_10-K_edgar_data_1277856_0001558370-16-003325.txt,Actionable,local,,0.6231007261384843,"We have entered into multi-year agreements with many well-known merchants, including CVS Caremark Corporation CVS , Cumberland Farms, Inc., Hess Corporation, The Kroger Co., HEB Grocery Company, L.P., The Pantry, Inc. Pantry , Safeway, Inc., Bi-Lo Holdings , LLC, Speedway LLC Speedway , Sunoco, Inc., Target Corporation, CST Brands Corner Store , Rite Ai d Corporation, Walgreens Boots Alliance, Inc. Walgreens , and 7-Eleven, Inc. 7-Eleven , in the U.S.; Bank of Ireland Group, BP p.l.c.",True,False,False
2016,8868,2016/QTR1/20160223_10-K_edgar_data_8868_0000008868-16-000104.txt,Irrelevant,api_a,high,0.4034094306921862,"Podgorica Montenegro Avon Beauty Products, SARL Morocco AI Netherlands Holdings Company C.V. Netherlands Avon International (NL) C.V. Netherlands Avon Netherlands Holdings B.V. Netherlands Avon Netherlands Holdings II B.V. Netherlands Viva Netherlands Holdings B.V. Netherlands Avon Americas, Ltd. New York Avon Overseas Capital Corporation New York California Perfume Company, Inc. New York Surrey Products, Inc. New York Avon Cosmetics Ltd. New Zealand Productos Avon de Nicaragua, S.A. Nicaragua Productos Avon, S.A. Panama Viva Panama S de R.L. Panama Productos Avon S.A. Peru Avon Cosmetics, Inc. Philippines Avon Products Mfg.",True,False,False
2016,895421,2016/QTR1/20160223_10-K_edgar_data_895421_0001193125-16-473553.txt,Actionable,local,,0.6576731455968202,"Cayman Islands Ceres Managed Futures LLC Delaware Consulting Group Advisory Services LLC Delaware LM Falcon Investment Strategies LLC Delaware Peregrine Investments, LLC Maryland Morgan Stanley AI GP LLC Delaware Morgan Stanley Cayman Financing Services Cayman Islands Morgan Stanley Smith Barney FA Notes Holdings LLC Delaware Morgan Stanley Smith Barney Financing LLC Delaware Morgan Stanley Smith Barney Holdings (UK) Limited United Kingdom Morgan Stanley Private Wealth Management Limited United Kingdom Morgan Stanley Smith Barney LLC Delaware Morgan Stanley Insurance Services Inc.",True,False,False
2016,945394,2016/QTR1/20160224_10-K_edgar_data_945394_0001558370-16-003466.txt,Irrelevant,api_a,high,0.4318770521884344,"Cert ai n of our rents and returns are guaranteed by the parent companies of our managers and tenants, but these guarantees may not ensure that payments due to us will be made.",True,False,False
2016,1099219,2016/QTR1/20160225_10-K_edgar_data_1099219_0000937834-16-000077.txt,Actionable,local,,0.726127723863436,"ML-AI METLIFE MEMBER 1, LLC (DE) 256.",True,False,False
2016,1099219,2016/QTR1/20160225_10-K_edgar_data_1099219_0000937834-16-000077.txt,Actionable,local,,0.7329984657803873,"ML-AI METLIFE MEMBER 2, LLC (DE) 257.",True,False,False
2016,1428522,2016/QTR1/20160225_10-K_edgar_data_1428522_0001047469-16-010440.txt,Irrelevant,api_a,high,0.48489073930049537,"Therefore, SERDs should have the potential to treat ER-dependent tumors without allowing ligand-independent resistance to develop, and to act on AI- and SERM-resistant ER-positive tumors.",True,False,False
2016,911421,2016/QTR1/20160225_10-K_edgar_data_911421_0000911421-16-000072.txt,Actionable,local,,0.6712165680565961,"The target annual cash incentive award was prorated as follows: CEO Global President Portion of year 67 33 Target AI Value CHF425,408 CHF385,310 Actual AI Value CHF743,613 CHF630,752 The metrics for the following performance measures are predetermined by the Compensation Committee: i Total Group Performance Group Adjusted Return on Equity AROE + Group Organizational Objectives ii Business Unit Financial Performance iii Personal Objectives The AROE metric was PartnerRe's primary financial metric for 2015, for the purposes of determining compensation, as it focuses on the value provided to shareholders and is a reliable indicator of Company performance and profitability.",True,False,False
2016,1043509,2016/QTR1/20160226_10-K_edgar_data_1043509_0001564590-16-013579.txt,Actionable,local,,0.6017382353711517,Six of our dealership subsidiaries in Northern California currently make fixed-dollar contributions to the Automotive Industries Pension Plan the AI Pension Plan pursuant to collective bargaining agreements between our subsidiaries and the International Association of Machinists the IAM and the International Brotherhood of Teamsters the IBT .,True,False,False
2016,1043509,2016/QTR1/20160226_10-K_edgar_data_1043509_0001564590-16-013579.txt,Irrelevant,api_a,high,0.48331883742389065,"The AI Pension Plan is a multi-employer pension plan as defined under the Employee Retirement Income Security Act of 1974, as amended, and our six dealership subsidiaries are among approximately 200 employers that make contributions to the AI Pension Plan pursuant to collective bargaining agreements with the IAM and IBT.",True,False,False
2016,1043509,2016/QTR1/20160226_10-K_edgar_data_1043509_0001564590-16-013579.txt,Irrelevant,api_a,high,0.48921029643817493,"In March 2008, the AI Pension Plan's actuary, in accordance with the requirements of the federal Pension Protection Act of 2006, issued a certification that the AI Pension Plan was in critical status effective with the plan year commencing January 1, 2008.",True,False,False
2016,1043509,2016/QTR1/20160226_10-K_edgar_data_1043509_0001564590-16-013579.txt,Irrelevant,api_a,high,0.45616994022135415,"In conjunction with the AI Pension Plan's critical status, the Board of Trustees of the AI Pension Plan implemented a requirement on all participating employers to increase employer contributions to the AI Pension Plan for a seven-year period commencing in 2013.",True,False,False
2016,1043509,2016/QTR1/20160226_10-K_edgar_data_1043509_0001564590-16-013579.txt,Actionable,local,,0.5898524986365669,"The AI Pension Plan is a multi-employer pension plan as defined under the Employee Retirement Income Security Act of 1974, as amended, and Sonic's six dealership subsidiaries are among approximately 200 employers that make contributions to the AI Pension Plan pursuant to collective bargaining agreements with the IAM and IBT.",True,False,False
2016,1043509,2016/QTR1/20160226_10-K_edgar_data_1043509_0001564590-16-013579.txt,Actionable,local,,0.6952312391844082,"Sonic's participation in the AI Pension Plan for the years ended December 31, 2015, 2014 and 2013 is outlined in the table below.",True,False,False
2016,1043509,2016/QTR1/20160226_10-K_edgar_data_1043509_0001564590-16-013579.txt,Actionable,local,,0.6233175347126091,The zone status is based on information that Sonic received from the AI Pension Plan.,True,False,False
2016,1043509,2016/QTR1/20160226_10-K_edgar_data_1043509_0001564590-16-013579.txt,Irrelevant,api_a,high,0.47027991231705096,"Pension Protection Act Zone Status FIP/RP Status Sonic Contributions Collective Bargaining Pension EIN/Pension Pending / Year Ended December 31, Surcharge Agreement Fund Plan Number 2015 2014 Implemented 2015 2014 2013 Imposed Expiration Date (1) (In thousands) AI Pension Plan 94-1133245 Red Red RP Implemented 140 148 135 Yes Between August 31, 2014 and November 29, 2017 (1) Collective bargaining agreement expiration dates vary by union and dealership.",True,False,False
2016,1043509,2016/QTR1/20160226_10-K_edgar_data_1043509_0001564590-16-013579.txt,Irrelevant,api_a,high,0.47677671887499684,"Sonic's participating dealership subsidiaries were not listed in the AI Pension Plan's Form 5500 as providing more than 5 of the total contributions for the plan years ended December 31, 2014 and December 31, 2013.",True,False,False
2016,1043509,2016/QTR1/20160226_10-K_edgar_data_1043509_0001564590-16-013579.txt,Irrelevant,local,,0.6649194312824378,"In June 2006, Sonic received information that the AI Pension Plan was substantially underfunded as of December 31, 2005.",True,False,False
2016,1043509,2016/QTR1/20160226_10-K_edgar_data_1043509_0001564590-16-013579.txt,Irrelevant,local,,0.5731503529680725,"In July 2007, Sonic received updated information that the AI Pension Plan continued to be substantially underfunded as of December 31, 2006, with the amount of such underfunding increasing versus year end 2005.",True,False,False
2016,1043509,2016/QTR1/20160226_10-K_edgar_data_1043509_0001564590-16-013579.txt,Irrelevant,api_a,high,0.45934436632950304,"In March 2008, the Board of Trustees of the AI Pension Plan notified participants, participating employers and local unions that the AI Pension Plan's actuary, in accordance with the requirements of the PPA, had issued a certification that the AI Pension Plan was in Critical Status effective with the plan year commencing January 1, 2008.",True,False,False
2016,1043509,2016/QTR1/20160226_10-K_edgar_data_1043509_0001564590-16-013579.txt,Irrelevant,api_a,high,0.3626326390495963,"In conjunction with the AI Pension Plan's Critical Status, the Board of Trustees of the AI Pension Plan adopted a rehabilitation plan that implements reductions or eliminations of certain adjustable benefits that were previously available under the AI Pension Plan (including some forms of early retirement benefits, and disability and death benefits, among other items), and also implemented a requirement on all participating employers to increase employer contributions to the AI Pension Plan for a seven-year period which commenced in 2013.",True,False,False
2016,1043509,2016/QTR1/20160226_10-K_edgar_data_1043509_0001564590-16-013579.txt,Actionable,local,,0.5232127383504352,"As of April 2015, the AI Pension Plan's actuary certified that the AI Pension Plan remained in Critical Status for the plan year commencing January 1, 2015.",True,False,False
2016,1043509,2016/QTR1/20160226_10-K_edgar_data_1043509_0001564590-16-013579.txt,Irrelevant,local,,0.6331186883845956,"In addition, if the financial condition of the AI Pension Plan were to continue to deteriorate to the point that the AI Pension Plan is forced to terminate and be administered by the Pension Benefit Guaranty Corporation (the PBGC), the participating employers could be subject to assessments by the PBGC to cover the participating employers assessed share of the unfunded vested benefits.",True,False,False
2016,1381531,2016/QTR1/20160226_10-K_edgar_data_1381531_0001564590-16-013475.txt,Actionable,local,,0.5427501274099481,"The following information is presented as required under Rule 3-10 of Regulation S-X, in connection with the Company's issuance of debt securities that are fully and unconditionally guaranteed by Domtar Paper Company, LLC, a 100 owned subsidiary of the Company, Domtar Industries LLC and subsidiaries, excluding Domtar Funding LLC , Ariva Distribution Inc., Domtar Delaware Investments Inc., Domtar Delaware Holdings, LLC, Domtar A.W. LLC and subsidiary , Domtar AI Inc., Attends Healthcare Products Inc., EAM Corporation, Domtar Personal Care Absorbent Hygiene Inc, and Associated Hygienic Products LLC., all 100 owned subsidiaries of the Company Guarantor Subsidiaries , on a joint and several basis.",True,False,False
2016,1393818,2016/QTR1/20160226_10-K_edgar_data_1393818_0001193125-16-481948.txt,Actionable,api_a,high,0.482391527926409,"On October 1, 2015, Blackstone formed a new holding partnership, Blackstone Holdings AI L.P., which will hold certain operating entities and operate in a manner similar to the existing Blackstone Holdings Partnerships.",True,False,False
2016,1393818,2016/QTR1/20160226_10-K_edgar_data_1393818_0001193125-16-481948.txt,Actionable,local,,0.6030831548084925,"The activities of the Partnership are conducted through its holding partnerships: Blackstone Holdings I L.P., Blackstone Holdings AI L.P., Blackstone Holdings II L.P., Blackstone Holdings III L.P. and Blackstone Holdings IV L.P.",True,False,False
2016,1393818,2016/QTR1/20160226_10-K_edgar_data_1393818_0001193125-16-481948.txt,Actionable,local,,0.5118161979651081,"On October 1, 2015, Blackstone formed a new holding partnership, Blackstone Holdings AI L.P., which holds certain operating entities and operates in a manner similar to the existing Blackstone Holdings Partnerships.",True,False,False
2016,1393818,2016/QTR1/20160226_10-K_edgar_data_1393818_0001193125-16-481948.txt,Actionable,api_a,high,0.482391527926409,"On October 1, 2015, Blackstone formed a new holding partnership, Blackstone Holdings AI L.P., which will hold certain operating entities and operate in a manner similar to the existing Blackstone Holdings Partnerships.",True,False,False
2016,1393818,2016/QTR1/20160226_10-K_edgar_data_1393818_0001193125-16-481948.txt,Actionable,local,,0.5353017051309228,"Blackstone Holdings refers to (a) Blackstone Holdings I L.P., Blackstone Holdings II L.P., Blackstone Holdings III L.P., Blackstone Holdings IV L.P. and Blackstone Holdings V L.P. prior to the January 2009 reorganization, (b) Blackstone Holdings I L.P., Blackstone Holdings II L.P., Blackstone Holdings III L.P. and Blackstone Holdings IV L.P. from January 1, 2009 through October 1, 2015 and (c) Blackstone Holdings I L.P., Blackstone Holdings II L.P., Blackstone Holdings III L.P., Blackstone Holdings IV L.P. and Blackstone Holdings AI L.P. subsequent to the October 2015 creation of Blackstone Holdings AI L.P.",True,False,False
2016,1393818,2016/QTR1/20160226_10-K_edgar_data_1393818_0001193125-16-481948.txt,Actionable,local,,0.6668673376394658,"L.L.C., Blackstone Holdings I L.P., Blackstone Holdings II L.P., Blackstone Holdings III L.P., Blackstone Holdings IV L.P., Blackstone Holdings AI L.P. and Citibank, N.A., as administrative agent. 4.17 Eighth Supplemental Indenture dated as of October 1, 2015 among Blackstone Holdings Finance Co.",True,False,False
2016,1393818,2016/QTR1/20160226_10-K_edgar_data_1393818_0001193125-16-481948.txt,Actionable,local,,0.6813750079392588,Finley Title: Chief Legal Officer [Signature Page to Guarantor Joinder Agreement] BLACKSTONE HOLDINGS AI L.P.,True,False,False
2016,1393818,2016/QTR1/20160226_10-K_edgar_data_1393818_0001193125-16-481948.txt,Irrelevant,api_a,high,0.4640250527854763,"L.L.C., a limited liability company duly organized and existing under the laws of the State of Delaware, having its principal office at 345 Park Avenue, New York, New York 10154 (the Company), the Existing Guarantors (as hereinafter defined), Blackstone Holdings AI L.P., a Delaware limited partnership (the New Guarantor), and The Bank of New York Mellon, a New York banking corporation, as Trustee under the Base Indenture (as hereinafter defined) and hereunder (the Trustee), supplements that certain Indenture, dated as of August 20, 2009, among the Company, the Existing Guarantors and the Trustee (the Base Indenture and subject to Section 2.3 hereof, together with this Eighth Supplemental Indenture, the Indenture).",True,False,False
2016,1393818,2016/QTR1/20160226_10-K_edgar_data_1393818_0001193125-16-481948.txt,Actionable,local,,0.6507872022952682,Finley Title: Chief Legal Officer The New Guarantor Blackstone Holdings AI L.P.,True,False,False
2016,1393818,2016/QTR1/20160226_10-K_edgar_data_1393818_0001193125-16-481948.txt,Actionable,local,,0.5176723816869829,O Brien Title: Vice President [ Signature Page to Eighth Supplemental Indenture ] </EX-4.17> <EX-10.5> 4 d129194dex105.htm EX-10.5 EX-10.5 Execution Version Exhibit 10.5 AMENDED AND RESTATED LIMITED PARTNERSHIP AGREEMENT OF BLACKSTONE HOLDINGS AI L.P.,True,False,False
2016,1393818,2016/QTR1/20160226_10-K_edgar_data_1393818_0001193125-16-481948.txt,Actionable,local,,0.6574208269749164,"Dated as of October 1, 2015 THE PARTNERSHIP UNITS OF BLACKSTONE HOLDINGS AI L.P.",True,False,False
2016,1393818,2016/QTR1/20160226_10-K_edgar_data_1393818_0001193125-16-481948.txt,Irrelevant,api_a,high,0.4753703374590403,Partnership Status 27 - iii - AMENDED AND RESTATED LIMITED PARTNERSHIP AGREEMENT OF BLACKSTONE HOLDINGS AI L.P.,True,False,False
2016,1393818,2016/QTR1/20160226_10-K_edgar_data_1393818_0001193125-16-481948.txt,Irrelevant,api_a,high,0.4567448304145316,This AMENDED AND RESTATED LIMITED PARTNERSHIP AGREEMENT this Agreement of Blackstone Holdings AI L.P.,True,False,False
2016,1393818,2016/QTR1/20160226_10-K_edgar_data_1393818_0001193125-16-481948.txt,Irrelevant,api_a,high,0.4499867139942053,"The name of the Partnership shall be, and the business of the Partnership shall be conducted under the name of, Blackstone Holdings AI L.P. 8 SECTION 2.03.",True,False,False
2016,1393818,2016/QTR1/20160226_10-K_edgar_data_1393818_0001193125-16-481948.txt,Actionable,local,,0.6213311011377912,Finley Title: Chief Legal Officer and Secretary [ Signature Page to Amended and Restated Limited Partnership Agreement of Blackstone Holdings AI L.P. ] LIMITED PARTNERS Each of the Limited Partners set forth on Schedule I attached hereto.,True,False,False
2016,1393818,2016/QTR1/20160226_10-K_edgar_data_1393818_0001193125-16-481948.txt,Actionable,local,,0.5422251644311985,"Finley Title: Chief Legal Officer and Secretary [ Signature Page to Amended and Restated Limited Partnership Agreement of Blackstone Holdings AI L.P. ] </EX-10.5> <EX-10.7> 5 d129194dex107.htm EX-10.7 EX-10.7 Exhibit 10.7 Execution Version THIRD AMENDED AND RESTATED EXCHANGE AGREEMENT THIRD AMENDED AND RESTATED EXCHANGE AGREEMENT (the Agreement), dated as of October 1, 2015 among The Blackstone Group L.P., Blackstone Holdings AI L.P., Blackstone Holdings I L.P., Blackstone Holdings II L.P., Blackstone Holdings III L.P., Blackstone Holdings IV L.P. and the Blackstone Holdings Limited Partners from time to time party hereto.",True,False,False
2016,1393818,2016/QTR1/20160226_10-K_edgar_data_1393818_0001193125-16-481948.txt,Actionable,api_a,high,0.46101610257948455,"Blackstone Holdings AI means Blackstone Holdings AI L.P., a limited partnership formed under the laws of the State of Delaware, and any successor thereto.",True,False,False
2016,1393818,2016/QTR1/20160226_10-K_edgar_data_1393818_0001193125-16-481948.txt,Actionable,local,,0.6472384171167586,"Blackstone Holdings I/II General Partner means Blackstone Holdings I/II GP Inc., a corporation formed under the laws of the State of Delaware and the general partner of Blackstone Holdings AI, Blackstone Holdings I, Blackstone Holdings II, and any successor general partner thereof.",True,False,False
2016,1393818,2016/QTR1/20160226_10-K_edgar_data_1393818_0001193125-16-481948.txt,Irrelevant,api_a,high,0.36520161683029184,"Blackstone Holdings Partnership Agreements means, collectively, the Amended and Restated Limited Partnership Agreement of Blackstone Holdings AI, the Amended and Restated Limited Partnership Agreement of Blackstone Holdings I, the Amended and Restated Limited Partnership Agreement of Blackstone Holdings II, the Second Amended and Restated Limited Partnership Agreement of Blackstone Holdings III and the Second Amended and Restated Limited Partnership Agreement of Blackstone Holdings IV, as they may each be amended, supplemented or restated from time to time.",True,False,False
2016,1393818,2016/QTR1/20160226_10-K_edgar_data_1393818_0001193125-16-481948.txt,Actionable,local,,0.5447182164675773,"Blackstone Holdings Partnership Unit means, collectively, one unit of partnership interest in each of Blackstone Holdings AI, Blackstone Holdings I, Blackstone Holdings II, Blackstone Holdings III and Blackstone Holdings IV, issued pursuant to their respective Blackstone Holdings Partnership Agreements.",True,False,False
2016,1393818,2016/QTR1/20160226_10-K_edgar_data_1393818_0001193125-16-481948.txt,Irrelevant,api_a,high,0.42815829013095774,"Blackstone Holdings Partnerships means, collectively, Blackstone Holdings AI, Blackstone Holdings I, Blackstone Holdings II, Blackstone Holdings III and Blackstone Holdings IV.",True,False,False
2016,1393818,2016/QTR1/20160226_10-K_edgar_data_1393818_0001193125-16-481948.txt,Actionable,local,,0.6289936274104438,Finley Title: Chief Legal Officer BLACKSTONE HOLDINGS AI L.P.,True,False,False
2016,1393818,2016/QTR1/20160226_10-K_edgar_data_1393818_0001193125-16-481948.txt,Actionable,local,,0.5373831969308069,Name: Dated: EXHIBIT B [FORM OF] NOTICE OF B EXCHANGE Blackstone Holdings AI L.P.,True,False,False
2016,1393818,2016/QTR1/20160226_10-K_edgar_data_1393818_0001193125-16-481948.txt,Actionable,local,,0.5747774686242528,"Blackstone Holdings IV L.P. 345 Park Avenue New York, New York, 10154 Attention: Chief Legal Officer Fax: (212) 583-5660 Electronic Mail: john.finley@blackstone.com Reference is hereby made to the Third Amended and Restated Exchange Agreement, dated as of October 1, 2015 (the Exchange Agreement), among The Blackstone Group L.P., Blackstone Holdings AI L.P., Blackstone Holdings I L.P., Blackstone Holdings II L.P., Blackstone Holdings III L.P., Blackstone Holdings IV L.P. and the Blackstone Holdings Limited Partners from time to time party thereto, as amended from time to time.",True,False,False
2016,819793,2016/QTR1/20160226_10-K_edgar_data_819793_0000891092-16-012779.txt,Actionable,local,,0.5017188065910865,"Ltd. 100 South Africa Albany International AB 100 Sweden Albany International Holding AB 100 Sweden AI Switzerland GmbH 100 Switzerland Albany International Holding Switzerland AG 100 Switzerland Albany International Europe GmbH 100 Switzerland Albany International Ltd. 100 United Kingdom Albany Engineered Composites, Ltd. 100 United Kingdom </EX-21> <EX-23> 3 e68310ex-23.htm CONSENT OF INDEPENDENT REGISTERED PUBLIC ACCOUNTING FIRM Exhibit 23 CONSENT OF INDEPENDENT REGISTERED PUBLIC ACCOUNTING FIRM The Board of Directo r s Albany International Corp.: We consent to the incorporation by reference in the registration statements Nos.",True,False,False
2016,1060386,2016/QTR1/20160229_10-K_edgar_data_1060386_0001564590-16-013601.txt,Actionable,local,,0.4923626053434366,Leasing and construction management fees increased 0.4 million at the Brandywine -AI real estate venture.,True,False,False
2016,1060386,2016/QTR1/20160229_10-K_edgar_data_1060386_0001564590-16-013601.txt,Actionable,local,,0.6439425019726793,"(see Note 3, Real Estate Investments , and Note 4, Investment In Unconsolidated Ventures , to the Consolidated Financial Statements for details); a decrease from the contribution of a land parcel to 1919 Ventures for net proceeds of 8.2 million during 2014 with no comparable contributions during 2015; an increase in net investment in real estate ventures of 22.5 million during 2015 reflecting contributions of; (i) 30.7 million to form the JBG real estate ventures, (ii) 16.2 million to 1919 Ventures, (iii) 8.8 million to 4040 Wilson, 6.3 million to Brandywine-AI Venture LLC, (iv) 3.4 million to the Austin Venture and (v) 3.1 million to other real estate ventures.",True,False,False
2016,1176948,2016/QTR1/20160229_10-K_edgar_data_1176948_0001558370-16-003647.txt,Actionable,local,,0.6599679416806125,"Prior to the reorganization on May 1, 2014 in connection with our initial public offering (the Reorganization), our business was conducted through operating subsidiaries held directly or indirectly by Ares Holdings LLC and Ares Investments LLC (or AI).",True,False,False
2016,1176948,2016/QTR1/20160229_10-K_edgar_data_1176948_0001558370-16-003647.txt,Actionable,local,,0.5467561720033522,"After the Reorganization, the Company bec a me the successor to AHI and AI for financial accounting purposes under GAAP.",True,False,False
2016,1176948,2016/QTR1/20160229_10-K_edgar_data_1176948_0001558370-16-003647.txt,Actionable,local,,0.6911934298982277,"AHI and Ares Investments LLC AI , as well as their wholly owned subsidiaries and managed funds, in each case prior to our Reorganization.",True,False,False
2016,1176948,2016/QTR1/20160229_10-K_edgar_data_1176948_0001558370-16-003647.txt,Actionable,local,,0.5918079566266453,"The following discussion and analysis should be read in conjunction with the audited, consolidated financial statements of Ares Management, L.P. and the related notes included in this Annual Report on Form 10 K and the audited financial statements and footnotes of AHI and AI included therein.",True,False,False
2016,1176948,2016/QTR1/20160229_10-K_edgar_data_1176948_0001558370-16-003647.txt,Actionable,local,,0.5750252811203003,"AHI and Ares Investments LLC AI , which directly or indirectly hold controlling interests in AM LLC and Ares Investments Holdings LLC AIH LLC , as well as their wholly owned subsidiaries collectively, the Predecessor .",True,False,False
2016,1176948,2016/QTR1/20160229_10-K_edgar_data_1176948_0001558370-16-003647.txt,Actionable,local,,0.5633081318201065,"Prior to the Reorganization, Ares Partners Management Company LLC APMC directed the operations of AHI and AI through its controlling ownership interest of approximately 50.1 and 70.3 , respectively, in each entity.",True,False,False
