row_number,column_number,column_name,reference_value,reproduced_value,absolute_delta,within_tolerance
2,4,pre_smd,-0.02506362015253291,-0.025063620152532908,3.46944695195361419e-18,true
3,4,pre_smd,-0.0012164639873522194,-0.0012164639873522177,1.73472347597680709e-18,true
3,7,matched_smd,0.001378033474584014,0.0013780334745840145,4.33680868994201774e-19,true
4,4,pre_smd,0.019434780173644788,0.01943478017364479,3.46944695195361419e-18,true
4,7,matched_smd,-0.0008382333333552567,-0.0008382333333552569,2.16840434497100887e-19,true
5,4,pre_smd,0.0627797738318059,0.06277977383180594,4.16333634234433703e-17,true
5,7,matched_smd,0.01476207603952592,0.014762076039525923,3.46944695195361419e-18,true
6,4,pre_smd,-0.06949384927416202,-0.06949384927416206,4.16333634234433703e-17,true
6,7,matched_smd,0.018607191752936625,0.018607191752936618,6.93889390390722838e-18,true
8,4,pre_smd,-0.021531467909085885,-0.021531467909085875,1.04083408558608426e-17,true
8,7,matched_smd,-0.0030430246003457207,-0.0030430246003457203,4.33680868994201774e-19,true
9,13,se_diff,0.004249074190387006,0.0042490741903870085,2.60208521396521064e-18,true
10,13,se_diff,0.0070387706137257835,0.007038770613725781,2.60208521396521064e-18,true
11,13,se_diff,0.011455844215540885,0.011455844215540896,1.04083408558608426e-17,true
12,13,se_diff,0.017183251519587318,0.017183251519587307,1.04083408558608426e-17,true
13,13,se_diff,0.029911555772215746,0.029911555772215728,1.73472347597680709e-17,true
