table_id,asset_type,paper_location,test_id,script_module,run_id,priority,crosswalk_match_status,reproduction_status,csv_status,tex_status,notes,reference_csv,reproduced_csv,reference_tex,reproduced_tex
T00,table,results,legacy_r1_summary_stats,semantic_ai_washing.analysis.publication_runs.legacy_r1_summary_stats,20260412_hybrid_api_a_conf49_main_v2,selected,content_delta,dry_run_ready,,,All required inputs are present; no table script was executed.,,,,
T16,table,results,test_16_construct_variant_screen,semantic_ai_washing.analysis.publication_runs.test_16_construct_variant_screen,20260422_aiw_v3_1_test_16_construct_variant_screen_main_v1,selected,content_delta,dry_run_ready,,,All required inputs are present; no table script was executed.,,,,
T17,table,results,test_17_real_outcome_dynamics,semantic_ai_washing.analysis.publication_runs.test_17_real_outcome_dynamics,20260422_aiw_v3_1_test_17_real_outcome_dynamics_main_v1,selected,content_delta,dry_run_ready,,,All required inputs are present; no table script was executed.,,,,
T20,table,results,test_20_comment_letter_cleanup,semantic_ai_washing.analysis.publication_runs.test_20_comment_letter_cleanup,20260423_aiw_v3_2_test_20_comment_letter_cleanup_main_v1,full,content_delta,dry_run_ready,,,All required inputs are present; no table script was executed.,,,,
T29,table,results,test_29_sec_ai_washing_enforcement_did,semantic_ai_washing.analysis.publication_runs.test_29_sec_ai_washing_enforcement_did,20260423_aiw_v3_2_test_29_sec_ai_washing_enforcement_did_main_v1,full,content_delta,dry_run_ready,,,All required inputs are present; no table script was executed.,,,,
T25,table,results,test_25_exec_incentive_mismatch,semantic_ai_washing.analysis.publication_runs.test_25_exec_incentive_mismatch,20260423_aiw_v3_2_test_25_exec_incentive_mismatch_main_v1,full,content_delta,not_regenerated_by_design,,,execucomp=data/external/execucomp_or_private_db,,,,
T30,table,results,test_30_capital_raising_timing,semantic_ai_washing.analysis.publication_runs.test_30_capital_raising_timing,20260423_aiw_v3_2_test_30_capital_raising_timing_main_v1,selected,content_delta,dry_run_ready,,,All required inputs are present; no table script was executed.,,,,
T09,table,results,test_09_factor_adjusted_alpha,semantic_ai_washing.analysis.publication_runs.test_09_factor_adjusted_alpha,20260422_aiw_v3_1_test_09_factor_adjusted_alpha_main_v1,selected,content_delta,dry_run_ready,,,All required inputs are present; no table script was executed.,,,,
A1,table,appendixA,legacy_b1_measurement_audit,semantic_ai_washing.analysis.publication_runs.legacy_b1_measurement_audit,20260411_hybrid_api_a_conf49_main_v1,full,content_delta,dry_run_ready,,,All required inputs are present; no table script was executed.,,,,
A2,table,appendixA,legacy_b2_attrition_map,semantic_ai_washing.analysis.publication_runs.legacy_b2_attrition_map,20260411_hybrid_api_a_conf49_main_v1,full,content_delta,dry_run_ready,,,All required inputs are present; no table script was executed.,,,,
A3,table,appendixA,legacy_classifier_risk_highconf,semantic_ai_washing.analysis.publication_runs.legacy_classifier_risk_highconf,20260411_hybrid_api_a_conf49_main_v1,full,content_delta,dry_run_ready,,,All required inputs are present; no table script was executed.,,,,
A4,table,appendixA,legacy_classifier_risk_highconf,semantic_ai_washing.analysis.publication_runs.legacy_classifier_risk_highconf,20260411_hybrid_api_a_conf49_main_v1,full,content_delta,dry_run_ready,,,All required inputs are present; no table script was executed.,,,,
A5,table,appendixA,appendix_variable_definitions,semantic_ai_washing.analysis.publication_runs.appendix_variable_definitions,20260412_hybrid_api_a_conf49_main_v1,full,content_delta,dry_run_ready,,,All required inputs are present; no table script was executed.,,,,
B1,table,appendixB,legacy_r2_ai_focus_timing,semantic_ai_washing.analysis.publication_runs.legacy_r2_ai_focus_timing,20260411_hybrid_api_a_conf49_main_v1,full,content_delta,dry_run_ready,,,All required inputs are present; no table script was executed.,,,,
B2,table,appendixB,legacy_r4_actionable_patent_timing,semantic_ai_washing.analysis.publication_runs.legacy_r4_actionable_patent_timing,20260411_hybrid_api_a_conf49_main_v1,full,content_delta,dry_run_ready,,,All required inputs are present; no table script was executed.,,,,
B3,table,appendixB,legacy_r5_speculative_patent_timing,semantic_ai_washing.analysis.publication_runs.legacy_r5_speculative_patent_timing,20260411_hybrid_api_a_conf49_main_v1,full,content_delta,dry_run_ready,,,All required inputs are present; no table script was executed.,,,,
B4,table,appendixB,legacy_r7_as_mismatch_tplus2,semantic_ai_washing.analysis.publication_runs.legacy_r7_as_mismatch_tplus2,20260411_hybrid_api_a_conf49_main_v1,full,content_delta,dry_run_ready,,,All required inputs are present; no table script was executed.,,,,
C1,table,appendixC,legacy_r8_mismatch_determinants_reduced,semantic_ai_washing.analysis.publication_runs.legacy_r8_mismatch_determinants_reduced,20260411_hybrid_api_a_conf49_main_v1,full,content_delta,dry_run_ready,,,All required inputs are present; no table script was executed.,,,,
C2,table,appendixC,legacy_a1_mismatch_determinants_full,semantic_ai_washing.analysis.publication_runs.legacy_a1_mismatch_determinants_full,20260411_hybrid_api_a_conf49_main_v1,full,content_delta,dry_run_ready,,,All required inputs are present; no table script was executed.,,,,
C3,table,appendixC,legacy_a2_mismatch_intensity,semantic_ai_washing.analysis.publication_runs.legacy_a2_mismatch_intensity,20260411_hybrid_api_a_conf49_main_v1,full,content_delta,dry_run_ready,,,All required inputs are present; no table script was executed.,,,,
C4,table,appendixC,test_05_size_heterogeneity,semantic_ai_washing.analysis.publication_runs.test_05_size_heterogeneity,20260411_hybrid_api_a_conf49_main_v1,full,content_delta,dry_run_ready,,,All required inputs are present; no table script was executed.,,,,
C5,table,appendixC,test_32_market_reaction_in_issue_windows,semantic_ai_washing.analysis.publication_runs.test_32_market_reaction_in_issue_windows,20260423_aiw_v3_2_test_32_market_reaction_in_issue_windows_main_v1,full,content_delta,dry_run_ready,,,All required inputs are present; no table script was executed.,,,,
C6,table,appendixC,test_12_predictive_return_controls,semantic_ai_washing.analysis.publication_runs.test_12_predictive_return_controls,20260422_aiw_v3_1_test_12_predictive_return_controls_main_v1,full,content_delta,dry_run_ready,,,All required inputs are present; no table script was executed.,,,,
C7,table,appendixC,test_15_matched_ai_talking_sample,semantic_ai_washing.analysis.publication_runs.test_15_matched_ai_talking_sample,20260422_aiw_v3_1_test_15_matched_ai_talking_sample_main_v1,full,content_delta,dry_run_ready,,,All required inputs are present; no table script was executed.,,,,
F1,figure,introduction,legacy_r1_disclosure_volume,semantic_ai_washing.analysis.publication_runs.legacy_r1_disclosure_volume,20260411_hybrid_api_a_conf49_main_v1,full,content_delta,frozen_asset_only,,,Figure is preserved as frozen v4.3 manuscript asset; regeneration is skipped by default.,,,,
FC1,figure,appendixC,test_13_pre_post_event_path,semantic_ai_washing.analysis.publication_runs.test_13_pre_post_event_path,20260422_aiw_v3_1_test_13_pre_post_event_path_main_v1,full,content_delta,frozen_asset_only,,,Figure is preserved as frozen v4.3 manuscript asset; regeneration is skipped by default.,,,,
